TEAM,CONF,G,W,ADJOE,ADJDE,BARTHAG,EFG_O,EFG_D,TOR,TORD,ORB,DRB,FTR,FTRD,2P_O,2P_D,3P_O,3P_D,ADJ_T,WAB,POSTSEASON,SEED,YEAR
Indiana,B10,36,29,121,89.7,0.9692,54.7,44,19.3,20.9,39,31.4,45.8,27,52,43.2,40.3,30.4,67.8,7.8,S16,1,2013
Gonzaga,WCC,34,31,118.9,90.2,0.9599,54.9,44.9,17.2,20.8,37.8,29.8,40.8,29.9,55,42.1,36.5,32.9,65.1,7.6,R32,1,2013
Kansas,B12,37,31,111.6,86.2,0.9514,53.3,41.5,20.3,18.4,33.8,29.3,39.5,32,52.9,39.3,36.4,30.3,67.7,7.5,S16,1,2013
Louisville,BE,40,35,115.9,84.5,0.9743,50.6,44.8,18.3,27,38.2,33.3,40,34.9,50.8,43.4,33.3,31.8,67.1,9,Champions,1,2013
Georgetown,BE,32,25,107.6,85,0.9381,51.1,43,20.1,22.4,30.4,31,36.8,35.3,50.2,41.4,35.3,30.7,62.5,6.6,R64,2,2013
"Miami FL",ACC,36,29,112.4,90.8,0.9207,51.9,45.7,16.7,18.4,31.3,28.4,34.6,28.3,50.6,44,36.2,32.6,63,6.3,S16,2,2013
"Ohio St.",B10,37,29,113.6,89.4,0.9406,50.6,45.4,16.2,20.7,31.8,28.2,35.5,29.5,49.4,43.6,35.6,32.4,65.3,7.2,E8,2,2013
Duke,ACC,36,30,118.4,91.5,0.9507,53.9,45.5,15.6,20.4,28.8,32.3,39.2,32.7,50.8,46.2,39.9,29,67.8,7.5,E8,2,2013
"Michigan St.",B10,35,26,111.4,87.8,0.9392,50.6,44.5,20.8,19.2,36.1,27.6,36.6,32.4,50.4,44.3,34.1,30.1,64.4,6.7,S16,3,2013
Marquette,BE,35,26,113,93.2,0.902,49.6,46.2,20.9,19.5,38.4,33.1,40.9,31.7,51.6,44.9,29.6,32.3,64.6,4.5,E8,3,2013
"New Mexico",MWC,35,29,107,91.1,0.8641,48.4,45.9,17.6,19.5,29.3,27.6,45.7,25.7,46.1,42,35.1,34.6,65.4,6.9,R64,3,2013
Florida,SEC,37,29,115.7,85.7,0.9694,55.2,43.3,17.8,22.5,34.2,28.4,31,29.9,54.3,41.8,37.8,31,62.8,4.1,E8,3,2013
"Kansas St.",B12,34,26,113.4,94.5,0.8896,49.1,47.5,18.2,22.2,38.5,33.8,31.7,36.8,46.8,46.5,35.8,33.3,63,5.4,R64,4,2013
"Saint Louis",A10,35,28,108,87.5,0.9181,50.4,45.5,17.6,23.6,27.9,29.1,44,35,50,44.1,34,33.1,64.7,3.8,R32,4,2013
Michigan,B10,38,30,121.5,93.7,0.9522,54.6,48,14.6,18.7,32.5,29.4,28.4,22.7,53.4,47.6,37.9,32.6,64.8,6.2,2ND,4,2013
Syracuse,BE,40,30,113,87,0.9533,49,42.6,18.9,23.6,38.8,34.5,36.8,35.4,48.5,42.6,33.4,28.4,65.4,5.1,F4,4,2013
Wisconsin,B10,35,23,107.2,84.3,0.9406,48.6,43,15.7,18,32.6,26.9,29.7,25.7,48,42.8,33,28.9,61.9,4.6,R64,5,2013
"Oklahoma St.",B12,33,24,107.1,88.6,0.8983,48.8,44.5,18.2,21.7,31.3,30.8,40.5,35.1,49.5,42.4,31.6,32.4,67.3,3.2,R64,5,2013
UNLV,MWC,34,24,104.7,88.4,0.8749,48.9,44.1,20.2,18.5,33.3,27.1,36.7,29.6,48.9,42.6,32.6,31.6,69.3,1.8,R64,5,2013
VCU,A10,36,27,113.8,92.1,0.9195,51.3,49.9,16.9,28.5,36.6,34.7,29.8,40.3,50.5,50.1,35.1,32.9,68.1,2.6,R32,5,2013
UCLA,P12,35,25,110,94.8,0.8475,49.1,47.5,15.8,19.9,30.7,34,33.1,24.6,48.9,46.9,33.3,32.4,69.6,3.3,R64,6,2013
Butler,A10,35,26,109.2,93,0.8624,50.7,46.7,20.2,17.4,35.9,26.3,38.4,36.1,50.2,45.3,34.3,33.2,64.7,4.7,R32,6,2013
Arizona,P12,35,27,114.4,92.2,0.9229,52.5,46.6,19.5,19.8,35,26.7,37.4,32.9,50.6,43.4,37.1,35.8,66.8,4.6,S16,6,2013
Memphis,CUSA,36,31,106.1,90.2,0.8672,52.4,45.5,20.7,22.1,35.6,31.1,37.2,34.9,51.1,43.8,37.2,33,69.3,4.5,R32,6,2013
"San Diego St.",MWC,32,21,106,89.5,0.8752,48.5,44.7,18.1,18.2,31.8,27.9,35.3,28.9,48.3,43.3,32.7,31.8,66.8,0.4,R32,7,2013
Illinois,B10,34,21,109.8,92.7,0.8749,47.5,48.7,17.6,21.7,33.6,33,31,36,47.4,47.4,31.7,34.1,66.1,2.4,R32,7,2013
"Notre Dame",BE,35,25,112.9,95.4,0.8748,52.2,46.8,17.6,16,34,29.5,32,24.6,50.6,45.9,37,32.5,61.7,3.9,R64,7,2013
Creighton,MVC,36,28,116.4,95,0.9117,58.2,45.9,18.9,16.1,28.8,27.2,34.2,26.1,55.7,45.5,41.4,31.2,65.2,3.5,R32,7,2013
Pittsburgh,BE,33,24,112.8,91.1,0.9217,51.7,44.6,18.1,22,40.4,30,37.5,36.4,51.5,44,34.9,30.4,60.3,3.1,R64,8,2013
"Colorado St.",MWC,33,24,116.6,98.4,0.8759,49.2,48.6,17.2,16.5,41.4,23.2,44.1,36.4,48.4,47.1,34.1,34.1,64.8,1.9,R32,8,2013
"North Carolina",ACC,35,24,111.6,93,0.8902,49.3,48,17.2,21.5,34.6,31.6,28.2,27.1,46.3,46.3,37.2,34.4,71.4,2.5,R32,8,2013
"North Carolina St.",ACC,35,24,115.2,98,0.865,54.2,46.8,18,16.6,34.7,32.6,40.9,29,52.8,47.5,39.1,30.2,68.1,2.2,R64,8,2013
Villanova,BE,33,19,105.3,90.5,0.8507,47.3,47.3,22.9,22,33.1,29.5,50.6,40.9,46,42.4,33.2,37.3,67.7,0.3,R64,9,2013
Missouri,SEC,34,23,113.3,95.2,0.8815,51.2,46.1,18.9,17.6,38.7,28.6,35,29.7,51.4,44.1,33.9,33.2,67.7,1.2,R64,9,2013
Temple,A10,34,24,110.7,96.9,0.822,49,49,15.9,20.1,30.8,31.4,35.6,34.1,48.8,47.3,32.8,35.3,66.8,1.5,R32,9,2013
"Wichita St.",MVC,39,30,110.6,91,0.9045,50,45.3,19.4,20,38,26.5,36.5,38.3,49.6,43.6,33.9,32.2,65,2.2,F4,9,2013
Oklahoma,B12,32,20,110.3,95.6,0.8391,47.8,47.4,17.5,19.6,33.2,31.5,35.4,31.4,47.6,46.4,32.3,32.9,66.7,0.3,R64,10,2013
Colorado,P12,33,21,104.9,90.2,0.8513,48.3,45.9,20,19.4,33.6,30.4,40.9,25.3,47,44.7,34.4,32,65.5,1.4,R64,10,2013
Cincinnati,BE,34,22,104.5,88.3,0.873,46.2,43.3,19.4,20.3,38.7,29.8,35.5,32.7,45.5,42.3,31.6,30.4,65.5,1.7,R64,10,2013
"Iowa St.",B12,35,23,117.2,98.3,0.8828,53.8,48,18.5,18.6,34.2,28.5,33,32.7,51.9,48.8,37.4,31.1,69.6,0.7,R32,10,2013
Minnesota,B10,34,21,112.6,92.5,0.905,49.3,45.6,21.6,20.2,43.6,33.2,41.6,36.7,48.8,42.8,33.7,33.9,64.1,2.1,R32,11,2013
Belmont,OVC,31,24,108.9,96.2,0.8064,56.5,48,19.6,25,29.7,34.2,32.8,37,56.9,46.7,37.2,33.5,67.4,0.1,R64,11,2013
Bucknell,Pat,33,27,104.7,93.1,0.7936,49.6,42.5,15.1,14.1,29.3,24.3,35.7,29.4,48.3,41.1,35.8,30.5,63.4,1,R64,11,2013
"Saint Mary's",WCC,34,27,113.9,94.9,0.891,53.7,47.1,18.3,17.9,36.9,25,37,36.9,52.3,44,37.3,36.7,64.8,2.5,R64,11,2013
"Middle Tennessee",SB,34,28,105.1,91,0.8396,51.1,44.4,20.7,23.6,36.5,29,41.4,42.8,49.2,43.9,37.7,30.3,64.9,0.7,R68,11,2013
California,P12,33,21,105.4,92.3,0.8211,48,44.3,18.9,16.8,32.5,30.7,31.2,32.5,48.8,41.7,30.2,33.6,66.5,0.5,R32,12,2013
Akron,MAC,32,25,103.4,94.4,0.7402,51,44.6,20.8,20.2,37.6,30.5,36.9,35,52.1,42.7,32.7,32.8,66.5,0.3,R64,12,2013
Mississippi,SEC,36,27,110,95.6,0.834,49.1,46.4,15.9,21.5,34.1,31.8,38.8,31.1,49.4,46.2,32.4,31.3,70.9,1.6,R32,12,2013
Oregon,P12,37,28,104.8,88.6,0.8728,49.3,46.4,21.4,22,35.8,27.2,38.4,33.3,49.1,44.9,33.3,33.4,69.2,2.9,S16,12,2013
"Boise St.",MWC,30,19,112,97.4,0.8332,51.8,51.4,18.4,20,30.3,24.4,33.7,42.2,48.4,51,38.7,34.8,66.2,-0.2,R68,13,2013
"South Dakota St.",Sum,32,22,109.7,103.7,0.6573,53.3,51.2,16.4,17.1,28.9,26.1,33,24.4,50.4,49.8,38.9,35.8,64,-3.2,R64,13,2013
Montana,BSky,30,23,101.6,101.8,0.4929,52.9,48.6,19.1,18.3,25.1,30.5,40.6,35.9,52,48,36.4,33.3,63.9,-1.4,R64,13,2013
"New Mexico St.",WAC,34,23,102.5,95.3,0.6992,49.3,45.4,21.9,18.6,36.9,29.8,47,30.7,49.8,43.2,31.8,33.9,65.1,-3.1,R64,13,2013
"La Salle",A10,34,24,112,96.2,0.8516,51.9,49.3,17.1,21.3,29,34.2,31.3,28.5,49.3,50.6,37.7,30.2,66,0.3,S16,13,2013
"Northwestern St.",Slnd,28,19,104.8,102.1,0.573,49,47.8,19.2,21.7,34.8,37.3,40.3,40.5,50,46.8,31,33.9,73,-3.2,R64,14,2013
Harvard,Ivy,29,19,104.9,99.9,0.6362,54.3,49.2,20.8,20.9,25.6,31.4,49.6,31.2,51.5,48.9,39.8,33.3,64.7,-2.6,R32,14,2013
Davidson,SC,33,25,110.6,98.3,0.7959,53.1,45.3,17,18.8,29,28.5,38.9,36.4,52,44.3,36.6,32.1,65.2,-1.4,R64,14,2013
Valparaiso,Horz,33,25,107.8,97.9,0.7514,55.7,46.2,21.8,19.5,31.2,28.2,41.7,36.8,55.7,44.5,37.1,33.8,65.6,-0.8,R64,14,2013
Pacific,BW,33,20,104.7,101.1,0.5991,50.5,50,17.8,20,29.2,30.8,37.7,39.3,46.8,48,38.9,35.4,63.4,-5.1,R64,15,2013
Iona,MAAC,34,20,112.8,105,0.6956,52.1,51.6,17.1,19.3,32.8,33.4,32.7,32.2,50.4,49.1,36.7,37.5,71.3,-5.9,R64,15,2013
"Florida Gulf Coast",ASun,35,24,103.4,96.3,0.6952,51.6,46.9,21,22.1,32.5,32.8,35.2,32.7,52.3,46.9,33.4,31.3,69.1,-4,S16,15,2013
Albany,AE,35,24,101.2,98.7,0.5722,49.6,48.3,21.2,19.9,31.7,28.2,40,27.8,46.7,47.6,37,33.1,63.2,-4.5,R64,15,2013
"Western Kentucky",SB,35,19,100.1,100.4,0.4895,48.6,47.9,22.2,20.8,34.8,30.7,37.6,37.8,48.3,47.6,32.7,32.4,66,-8.4,R64,16,2013
"North Carolina A&T",MEAC,36,19,90.6,95.7,0.3459,45.7,45.2,22.7,23.4,29.8,33.2,42.6,41.1,45.4,43.4,30.7,32,66.9,-11.5,R64,16,2013
Southern,SWAC,30,20,95.9,96.7,0.475,49.1,41.9,16.8,20.2,26.2,31.1,40.3,34.9,46,40.5,36.7,30,65,-5.7,R64,16,2013
"LIU Brooklyn",NEC,34,20,108.1,111.2,0.4195,54.4,52.6,20.3,18.4,35.2,33.5,45.6,31.6,53.1,51.1,38,37.2,69.3,-8.6,R68,16,2013
"James Madison",CAA,36,21,98.5,99.4,0.4736,47.6,48.7,17.2,21.1,29.6,31.1,36.8,39.2,46.2,46.9,33.6,34.7,64.2,-8.9,R64,16,2013
Liberty,BSth,33,12,100.1,109.7,0.2591,48.5,47.8,19.8,15.1,29,32.6,38.4,38.5,44.9,48.6,37,30.9,65.7,-15.6,R68,16,2013
"Grambling St.",SWAC,28,0,76.6,121.4,0.005,41.1,52.2,26.8,14.8,28.5,39.1,24.9,34.9,38.4,49.9,31.2,37.8,64.7,-24.3,,0,2013
"San Francisco",WCC,29,13,105.2,102.3,0.5798,52.7,49.8,18.1,17.4,23.9,29.8,34.6,32.4,48,49.2,40.1,34.1,66.8,-7.9,,0,2013
"UNC Asheville",BSth,29,13,98.8,103.9,0.3616,48.6,49.5,20.6,20.7,33,33.2,38.1,33.2,48.5,49.4,32.6,33.1,69.5,-10.8,,0,2013
"Appalachian St.",SC,29,13,97.6,105.8,0.2822,49.6,51.4,19.4,18.8,30.3,30.3,37.9,35.2,47.2,52.5,36.5,32.7,68,-11.7,,0,2013
"George Washington",A10,30,13,98.8,93,0.665,46.6,47.4,23.4,21.3,38.2,30.8,40.4,32.7,47.7,44.6,27.9,36,68,-7.3,,0,2013
"Southern Illinois",MVC,30,13,100.2,100.8,0.484,48,53.1,19.4,24.2,31.7,31.9,34.1,42.5,48.1,51.8,31.8,36.9,63.1,-8.3,,0,2013
"Central Connecticut",NEC,30,13,100.3,108.6,0.2868,48.6,51.7,17.5,18.9,27.4,35.4,30.1,29.3,46.6,49.9,35.2,36.6,70.7,-11.7,,0,2013
Utah,P12,31,13,104.1,97.1,0.6894,48.7,46.9,20,16.9,27.5,31.8,31.1,30.6,46.6,44.8,35.5,33.9,62.2,-6.7,,0,2013
Clemson,ACC,31,13,99.2,93.7,0.6571,47.2,46.8,18.4,20.4,32,31.8,33.1,32.9,47.1,44.4,31.7,34.8,62.3,-7.7,,0,2013
"Wake Forest",ACC,31,13,99.6,96.5,0.5916,48.5,50.8,20.7,20.5,27.7,30.8,43.7,35.5,47.1,49.5,34.5,35.9,69.2,-7.5,,0,2013
Drexel,CAA,31,13,100.1,100.1,0.5003,46.7,48.7,18.9,18.8,33.3,26,33.5,43.4,44.9,47.5,33.5,34.2,61.9,-11.9,,0,2013
"Eastern Michigan",MAC,31,13,92.1,96.6,0.3657,43.8,46.5,23.1,22.8,33.9,37.2,30.5,37.6,41.5,48,33,29.7,61.1,-11.6,,0,2013
"Florida Atlantic",SB,31,13,97.7,104.3,0.3202,47.5,45.8,22.6,17.1,32.9,34.3,35.5,36.4,45.1,46,35.3,30.2,65.5,-12.3,,0,2013
"Morehead St.",OVC,31,13,97.4,104.2,0.3157,47.9,52.5,24.7,23.2,39.5,30.2,39,59.4,48.5,51.8,31.2,36,69.7,-11.9,,0,2013
"Delaware St.",MEAC,31,13,94,108.5,0.161,45.7,48.8,22.2,20.9,32.6,37.5,33.3,32.2,46.5,48.4,29.6,33.2,61,-12.8,,0,2013
"Washington St.",P12,32,13,106.3,98.3,0.7114,49.6,49.6,19.1,19.4,31.6,28.2,34.1,31.7,47.9,47.9,34.7,34.8,62.2,-8.2,,0,2013
Northwestern,B10,32,13,103.4,98.3,0.6392,47.5,48.2,17.3,19,25.9,36,33.9,37.8,44.7,46.5,34.1,34.6,61.5,-5.5,,0,2013
"West Virginia",B12,32,13,103.5,99.3,0.6178,45.6,51.1,19.8,21.8,37.1,34,40.8,40,44.9,48,31.6,38.1,64.7,-7,,0,2013
"Virginia Tech",ACC,32,13,106.1,104.6,0.5404,47.5,50.1,17.5,15.5,30.7,33.2,36.8,38.1,47.7,48.8,31.4,34.8,67.4,-7.3,,0,2013
"St. Bonaventure",A10,29,14,107.9,102.5,0.6442,51.6,51.6,20,21.5,32.3,34.2,39.9,41.3,49,49.4,37.5,37,66.5,-6,,0,2013
"Loyola Chicago",Horz,30,14,101.2,101.9,0.4795,50.4,49,20.9,18.4,30.5,26.9,35.3,30.5,48.3,48.1,36.5,33.9,63.2,-10.5,,0,2013
"Georgia St.",CAA,30,14,103.6,104.6,0.4716,50,51.1,18,20.9,29.4,32.7,34.9,37,48,48.7,35.7,36.6,64.1,-10.9,,0,2013
Stetson,ASun,30,14,99.3,104.6,0.3534,52.6,50.8,23.1,17.4,31.3,31,34.8,28.9,52.8,51.3,34.8,33.2,68.8,-10.8,,0,2013
Drake,MVC,31,14,105.5,100.9,0.6244,52.2,51.4,19.8,18.8,24.5,28.7,37.5,38.5,48.9,50.2,37.9,35.6,68.9,-7.1,,0,2013
SMU,CUSA,31,14,100.1,98.7,0.5396,47.9,47.4,22.9,21.4,34.8,32.6,40.7,39.5,46.9,44.3,34.6,34.4,64.1,-11.8,,0,2013
Oakland,Sum,31,14,105.4,108.7,0.4135,49.2,57,17.2,20.5,31,29.2,40.7,34,47.7,58.5,34.7,36.5,69.3,-8.5,,0,2013
"USC Upstate",ASun,31,14,100.6,103.8,0.4121,49.5,49.8,20,20.1,35.4,30.2,34.3,35.4,48.6,48.7,34.3,34.5,66.2,-11.3,,0,2013
"UC Davis",BW,31,14,103.1,106.4,0.409,55.1,49.6,20.7,15.7,26.4,30.7,32.9,31,51.5,46.5,40.5,36.8,67.5,-12,,0,2013
IPFW,Sum,31,14,97.5,103.1,0.3451,49.5,52,20.3,19.7,31.4,26.6,38.4,37.8,47.5,52.3,35.4,34.1,66.2,-12.3,,0,2013
"Sam Houston St.",Slnd,31,14,91.9,98,0.3252,43.3,47,20.3,21.4,33.9,28,37.7,49.5,40.5,47.1,32.2,31.2,63.1,-11.9,,0,2013
"North Dakota",BSky,31,14,94.9,103.2,0.274,47.1,49.1,18.8,19.8,29.4,32.9,36.5,33.7,45.7,48.4,33.2,33.8,67.8,-11.4,,0,2013
Hampton,MEAC,31,14,87.7,98.1,0.2158,43.1,43.8,24.3,22.3,34.1,32.6,38.6,42.5,44.6,42.9,26.3,30.6,70.2,-13.8,,0,2013
"Oregon St.",P12,32,14,109,100,0.7299,49.7,48.5,19.6,17.6,34.4,32.4,37,30.1,47.8,47.1,36.4,34.4,68.8,-7.3,,0,2013
USC,P12,32,14,101.5,94.5,0.6939,47.2,46.9,19.5,17.6,29.2,29.5,30,37.6,45.7,44.7,34.2,34.5,67.1,-5.3,,0,2013
Manhattan,MAAC,32,14,93.7,92.4,0.5392,46.8,46.2,25.7,23.1,31.8,32.4,45.8,46.6,44.7,43.2,33.7,34.9,62.5,-10.9,,0,2013
"San Diego",WCC,32,14,100.9,101.5,0.4828,48.3,49.7,20.6,20.4,30.3,34.3,37.8,37.7,46.5,50.8,34.8,31.3,63.9,-8.8,,0,2013
"South Carolina",SEC,32,14,100.1,103.1,0.4171,46.6,50.5,22.8,21,38.3,32.9,35.2,45.8,45.8,50.4,32.1,33.8,66.7,-10.1,,0,2013
"Jacksonville St.",OVC,26,15,100.8,104.9,0.3883,49.4,50,20.4,24.7,31.7,39.6,43.9,38.9,47.8,50.9,35.2,31.6,62.7,-6.5,,0,2013
Toledo,MAC,28,15,101.7,103.2,0.4586,48.3,48.6,17.9,21.3,28.8,34.4,37.5,35.9,47.4,46.7,33.5,34.4,67.9,-7.9,,0,2013
Hawaii,BW,28,15,101.5,105.2,0.3983,50.2,49,20.7,17.4,35.3,29.5,36,32.7,50.1,45.6,33.7,36.6,69.6,-7.8,,0,2013
"High Point",BSth,29,15,97.9,103.5,0.3451,48,48,17.9,19.7,34.1,31.5,32.7,41.5,48.2,47.6,31.6,32.5,66.1,-10.2,,0,2013
Army,Pat,30,15,104.2,103.3,0.5239,51.7,48.7,20.7,18.6,31.7,29.7,36.9,36.8,49.2,46,37.1,35.8,68.3,-10.1,,0,2013
"Ball St.",MAC,30,15,98.5,105.5,0.3133,48.3,50.8,23.1,19.7,35.9,29.5,46.6,36.2,47.9,50,32.7,34.9,66.1,-9.7,,0,2013
Rutgers,BE,31,15,107.3,97.9,0.7409,48.7,47.9,21.3,19.6,35.8,34.4,32.4,39.8,47,47.7,35.7,32.2,64.5,-4.1,,0,2013
"Youngstown St.",Horz,31,15,102.1,102.5,0.4905,49.1,48.6,17,18.1,26.6,31.5,36,35.6,46.5,46.5,35.9,35.6,68.5,-9.3,,0,2013
Quinnipiac,NEC,31,15,101.4,103.6,0.44,46.5,49.3,20.2,15.7,41.3,25.8,41.1,42.2,45.4,45.9,33.5,37.8,66.6,-11.6,,0,2013
"Southeast Missouri St.",OVC,31,15,103.2,106.7,0.4058,53.1,45.9,18.5,15.1,28.2,33.2,33.4,35.1,50,44.5,39.3,32.6,68.3,-11.4,,0,2013
Georgia,SEC,32,15,100.9,94.4,0.6817,46.9,45,23,18.5,32.1,30.5,45,37.9,43.5,42.3,35.7,32.9,62.3,-6.3,,0,2013
UAB,CUSA,32,15,100,98,0.558,48.4,50.7,21.8,22.4,33.5,30.8,29.4,38.6,47.9,49,32.8,36.1,71.2,-8.2,,0,2013
"Seton Hall",BE,33,15,103.5,96.7,0.6845,51.3,46.7,23.8,19.4,31,32.8,34.5,39.1,48.6,44.6,36.7,34,65.1,-5.6,,0,2013
Nebraska,B10,33,15,101.4,96.1,0.6476,45.4,48.6,17.3,18,26.1,30.7,28.4,38.9,45.1,48,30.7,33.4,62.2,-3.4,,0,2013
Princeton,Ivy,26,16,107.9,100.1,0.7046,53.9,48.2,20.3,20.8,30.6,28.6,34.6,37.6,49.9,47,41,34.2,60.6,-5,,0,2013
"Charleston Southern",BSth,29,16,100.6,101,0.4886,48.6,48.3,17.9,19.5,33.6,28.9,29.7,29,45.6,46.3,35.2,34.4,67.7,-7.7,,0,2013
"South Alabama",SB,29,16,96.2,100.2,0.3852,45.9,46.8,22.8,21,36,32.9,45.4,37.7,44.6,45.7,32.4,33,68.5,-7.8,,0,2013
"Air Force",MWC,30,16,109.2,103.5,0.6481,54.7,51.9,18.5,19.1,23.7,31.8,30.8,36.6,52.9,54.2,38.1,32.4,64.4,-2.9,,0,2013
"Cal Poly",BW,30,16,103.5,104.7,0.4665,48.7,52.9,15.7,19.6,31.2,28.2,33.3,38.6,44.8,52.2,37.1,36.3,59.8,-7.3,,0,2013
"Arkansas Pine Bluff",SWAC,30,16,91.3,100.8,0.2436,44.7,46.9,20.9,23.5,31.5,35.6,33,37.7,44.4,46.4,30.2,31.7,68.2,-8.2,,0,2013
"Georgia Tech",ACC,31,16,99.6,91.1,0.7369,46.8,45.4,19.3,19,32.6,28.3,28,33,46.4,43.8,31.8,32.3,66.4,-4.8,,0,2013
"Tennessee St.",OVC,31,16,101.6,103.5,0.4454,48.9,49.8,21.9,19.9,34.7,32.6,40,39.5,48.3,49.8,33.4,33.2,68.3,-7.3,,0,2013
"Arkansas Little Rock",SB,31,16,93.8,101.2,0.2943,46.4,48.8,22.3,23.2,31.8,32.6,42.7,42.9,44.7,47.6,33.8,34,68.1,-9.7,,0,2013
Tulsa,CUSA,32,16,97.9,99.7,0.4484,48.6,47.8,21.7,18.9,30.1,29.6,43.6,41.3,48.2,45.8,32.9,34.2,67.9,-7.9,,0,2013
Vanderbilt,SEC,33,16,101.6,93.9,0.7136,48.4,46,19.5,18.5,27.9,29.5,35.1,33.5,45.3,45.7,35,31.1,61,-6.2,,0,2013
Texas,B12,33,16,101.3,94,0.7028,45.7,42.9,21.4,19.1,34.6,33.8,40.4,41.9,46,42.8,30.1,28.9,66.1,-4.2,,0,2013
"Boston College",ACC,33,16,108.6,102,0.6737,51,51.1,17.7,17.9,28.1,30.7,39.7,29.1,49.7,48.7,35.3,37.5,64.2,-5.4,,0,2013
Purdue,B10,34,16,106.2,94.2,0.7975,46.3,45.5,19,17,37,29.7,33.5,33.3,45.7,43.9,32,32.8,67,-3.8,,0,2013
UCF,CUSA,28,17,105.5,101.5,0.6094,51.5,48.7,20.7,18.7,34.3,32.8,41,25.9,51.4,49.5,34.5,31.3,66,-4.2,,0,2013
"Boston University",AE,30,17,103.2,101.1,0.557,52.2,47.4,18.8,21.5,25.9,31.2,26.5,33.2,49.9,47.8,37,31.1,66.2,-6.9,,0,2013
Towson,CAA,30,17,101.8,101.6,0.5062,48.3,45.2,22.2,16.2,39.2,31.9,40.3,37.6,48.7,42.8,31.4,33.9,66.3,-6.9,,0,2013
Dayton,A10,31,17,111.8,99.4,0.7951,53,49.2,21.7,21,35.2,30.4,39.7,37.5,51.1,47.4,38.4,35.3,66.4,-4.6,,0,2013
Xavier,A10,31,17,105.1,94.3,0.7765,50.1,46.7,20.4,18.6,34.3,29,41.4,33.3,49.2,45.8,35,32.1,63.1,-4,,0,2013
"Texas Southern",SWAC,31,17,103.2,104.1,0.4745,51.9,45.3,17.9,17.5,31.4,33,31.2,29.8,50.7,44.5,35.6,31.7,64.3,-7.7,,0,2013
"Long Beach St.",BW,31,17,102.7,104.2,0.4581,50.1,50.9,20.8,19.5,32.1,36.1,36.3,32.1,49.7,47.5,34,38.2,67.3,-5.4,,0,2013
Hartford,AE,31,17,91.8,97.3,0.3399,48.3,49.4,22.2,24.9,25.8,30.8,30.7,41.5,46.9,48.5,33.4,34.2,64.2,-7.9,,0,2013
"Indiana St.",MVC,32,17,100.5,94.7,0.6633,48.2,46.5,19.6,18.2,26.6,29.8,42.1,38.7,48.4,45.6,32,32.4,65.3,-3.5,,0,2013
"Morgan St.",MEAC,32,17,97.5,101.3,0.3903,48.3,45.3,22.3,21.8,38,35.6,39.2,38.2,49.8,45.1,29.2,30.6,67.5,-11,,0,2013
"Savannah St.",MEAC,32,17,86.1,90.7,0.3547,44.9,43.5,27.1,26,34.4,32.5,35.3,45.3,45.3,43.6,29,28.8,63.2,-8.1,,0,2013
"St. John's",BE,33,17,99.4,91.5,0.7205,44.5,45.6,16.7,20.2,30.5,35.1,28.9,28.9,45.6,43.6,27.1,33.1,67.6,-3.5,,0,2013
"Green Bay",Horz,33,17,101.5,98.8,0.5771,47.9,47.7,20.8,18,32.8,26.7,40.2,33.9,47.3,45.8,33,34,64.3,-7.9,,0,2013
"Illinois Chicago",Horz,33,17,96.2,98.7,0.4283,46,46.7,19.5,19.5,28.2,30.3,35.4,34.9,43.5,44.7,33.5,33.7,64.6,-8.9,,0,2013
"Arkansas St.",SB,30,18,96.8,95.8,0.5312,45.7,46.7,18.9,23.1,33.5,30.3,44.2,35.7,45.6,45,30.7,33.5,65.5,-7.8,,0,2013
Detroit,Horz,31,18,111,102.5,0.7143,50.8,53.2,15.5,22.9,31.8,31.2,35.8,35.6,51.1,52.2,33.5,36.7,70.4,-3.8,,0,2013
"Gardner Webb",BSth,31,18,95.8,99,0.4069,46.8,48.3,20.9,23.3,35.7,31.1,34.5,34.8,45.9,47.8,32.5,33,63.2,-7.2,,0,2013
"Saint Joseph's",A10,32,18,107.4,96.8,0.7681,50.6,46.1,18.7,16.2,31.7,33.2,36.2,23.8,50,45.6,34.2,31.4,63,-3.3,,0,2013
UTEP,CUSA,32,18,102.1,96.6,0.6545,50.6,46.6,19.7,19.7,28,33,42.6,34.8,49.6,44.9,35.1,34,61.4,-5.8,,0,2013
Wyoming,MWC,32,18,99.7,95.8,0.6121,49.5,48.2,18.7,21.4,23.7,31.4,39.8,33,50.8,48.2,31.8,32.3,61.1,-3.4,,0,2013
FIU,SB,32,18,98.9,101.8,0.4153,48.9,51.1,21.7,25.6,31.3,36,35.8,37.1,48.3,52.5,33.3,32.3,69.3,-7.9,,0,2013
"Mount St. Mary's",NEC,32,18,100.9,104.6,0.3983,50.5,55.7,18.3,23.9,28.6,33.9,31.9,38.2,50.3,54.8,33.8,39.1,67,-7.7,,0,2013
"Illinois St.",MVC,33,18,108.3,96.3,0.7955,51.8,48.4,18.7,21,29.5,31.4,34.4,34,51.7,47.3,34.7,33.4,70.4,-5.2,,0,2013
"Texas A&M",SEC,33,18,103.1,97,0.6682,48.8,47.5,21,21.9,34.9,33.5,32.9,35.7,47.1,46,35.6,33.5,61.2,-5.1,,0,2013
Lafayette,Pat,33,18,103.9,104.8,0.4767,52.7,52.3,18.7,20.6,25.1,32.6,28.2,31.5,49.6,51.2,38.4,36.4,65.9,-8.3,,0,2013
Washington,P12,34,18,106.5,96.2,0.7624,48.2,48.2,19.8,18.4,37.3,31.3,33.8,32.3,47,47,34.3,34.2,65.7,-3,,0,2013
"Florida St.",ACC,34,18,105.4,100.4,0.6341,49.9,49.7,22,20.6,30.9,36.6,40.4,34.8,48.9,47.1,34.8,36.8,66,-3,,0,2013
Bradley,MVC,35,18,102.8,101.9,0.5244,48.3,51,17.8,21.7,30.3,31.7,29.9,35.3,48.5,49.7,31.9,35.4,66.9,-7.5,,0,2013
Stanford,P12,34,19,109.1,94.1,0.8448,47.5,46.8,17.3,19.2,32.1,28.5,33.4,33.7,44.3,45.7,35.9,33.3,68.2,-2.2,,0,2013
"North Carolina Central",MEAC,28,19,96.3,96.4,0.4973,49.3,45.6,23,22.9,30.6,31.1,45.5,38.8,48.8,45.7,33.6,30.4,64.3,-5.2,,0,2013
"Murray St.",OVC,29,19,103,102,0.5285,52.4,48.1,20.5,20.2,32.5,31.8,39,33.5,52.2,47,35.1,33.5,66.3,-5,,0,2013
"East Carolina",CUSA,30,19,107.3,102.8,0.6192,51.4,48.9,18.2,18.8,28.3,35.2,39.9,33.5,50.9,48.3,34.9,33.7,68.7,-5.2,,0,2013
LSU,SEC,31,19,105.4,97.4,0.7142,49.2,47,20.5,21.6,34.4,34.8,33.4,38,46.9,46.9,35.6,31.5,69.3,-2.5,,0,2013
Bryant,NEC,31,19,107.6,108,0.4886,54.4,51.8,19.2,17.6,30.5,29.7,37,30.2,54.9,51.1,35.6,35.2,66.5,-6.4,,0,2013
Wagner,NEC,31,19,95.3,98,0.4196,47.5,46.9,21.9,22,35,30.5,40.3,41.8,47.5,44,31.7,35,67,-7.1,,0,2013
Elon,SC,31,19,97.2,100.8,0.3966,49.2,46.8,17.4,19.1,26.4,30.1,29.2,36.5,48,43.2,34,36.8,66.2,-6.6,,0,2013
Arkansas,SEC,32,19,105.3,95.1,0.7643,48.4,49.2,16.3,24.6,31.7,33.5,35.1,44.4,50,46.9,30,35.9,71.2,-2.4,,0,2013
Houston,CUSA,32,19,106,106,0.5013,51.3,48.7,18.3,17.9,33.4,31.4,39.4,33.7,50.3,49.2,35.9,31.8,70.4,-7.5,,0,2013
Niagara,MAAC,33,19,105.2,102.6,0.5734,48.3,51.7,16.4,22.5,32.5,33,38,40.6,47.9,50,32.7,36.5,69.4,-6.9,,0,2013
"UT Arlington",WAC,33,19,96.8,96.7,0.5007,46.4,45.8,22.1,22.8,36.2,31.1,36.4,43.9,44.3,44.3,34.2,31.9,66.9,-6.6,,0,2013
Delaware,CAA,33,19,102.4,102.5,0.4976,46.3,46.5,18.7,15.9,33.1,32,42,33,46.2,44.2,30.9,34.4,67.5,-6.1,,0,2013
Providence,BE,34,19,106.8,95.2,0.7905,45.9,46.2,19.1,19.8,37.4,32.3,37.4,33,45.7,46.9,31,29.7,66.1,-2.7,,0,2013
Richmond,A10,34,19,109.2,98.9,0.7562,52.5,49.1,18.6,22.8,27,35.8,43.2,43,49.4,48.4,37.8,33.9,64,-4,,0,2013
"Oral Roberts",Slnd,34,19,104.5,102.1,0.5647,49.9,49.3,20.5,18.7,35.9,31.4,38,27.5,49.3,47.8,34.5,35.4,66.3,-8,,0,2013
Tulane,CUSA,34,19,105.8,103.9,0.5526,47.7,51.6,19,20.6,35.5,27.7,46.7,33.5,45.2,52.3,35,33.7,65.2,-7.7,,0,2013
Rider,MAAC,34,19,96.2,96.8,0.4807,49.1,45.5,23.3,20.9,30.6,31.8,39.4,38.3,47.7,46.6,34.5,28.8,66.4,-7.8,,0,2013
"UC Irvine",BW,35,19,98.8,97.9,0.5243,48,44.2,18.6,16.3,30.4,31.2,30.2,37.9,47.4,42.5,32.8,32.3,66.3,-8.2,,0,2013
Fairfield,MAAC,35,19,95.3,94.6,0.521,47.7,44.4,21.5,21.6,33.5,32.2,28.9,45.6,47.8,43.2,31.6,32,61.9,-8.4,,0,2013
Connecticut,BE,30,20,108.7,93.9,0.8425,50,45.3,18.2,20.1,28.5,36,36.9,31,49.5,44.4,34,31.5,65.3,1.5,,0,2013
"Western Illinois",Sum,29,20,94.3,96,0.451,51.6,45.8,19.4,19.4,24.7,27.4,39.8,28.3,48.9,43.2,38.7,34.2,58,-4.5,,0,2013
Lehigh,Pat,30,20,106.5,100.4,0.6637,53,47.6,16.4,20.4,26.9,34,36.4,28.6,49.8,49.2,39.4,29.8,67.4,-3.4,,0,2013
"Utah St.",WAC,30,20,106.5,102.8,0.6007,52,47.8,20.9,15,37.4,27,40.5,30.7,51.6,46,35.3,33.8,61.8,-4.2,,0,2013
Tennessee,SEC,33,20,108.3,96.7,0.7856,47.9,46.2,20.1,17.4,36.5,28.8,42.2,34.4,48.2,45.6,31.6,31.9,63.5,-0.9,,0,2013
Northeastern,CAA,33,20,103.4,105.9,0.4313,51,52.2,19.8,22.3,31.4,35.7,38.8,29.1,48.3,53.4,37.1,33.2,63.9,-6.8,,0,2013
"Northern Iowa",MVC,34,20,104,94.6,0.7476,51.1,48.8,19,19.7,24.6,26.5,33.2,25.1,48.6,47.7,36.4,34.1,62.9,-2.7,,0,2013
Canisius,MAAC,34,20,109.1,104.3,0.6247,52.7,50.4,19.6,19.8,34.8,33.1,34.3,32.4,48.9,50.4,38.6,33.6,66.5,-5.8,,0,2013
"Kent St.",MAC,34,20,106.6,102.1,0.6221,48.8,48.5,18.9,20.8,34.5,33.2,43.8,41.3,46.3,49.5,35.8,31,66.9,-6.8,,0,2013
Evansville,MVC,35,20,104.8,96.2,0.7293,48.5,50.7,16.9,21.5,29.3,29.3,31.1,34.4,46,49.7,36.7,35.2,66.1,-4.6,,0,2013
Kentucky,SEC,33,21,109.7,96.7,0.81,52.6,43.9,19.4,17.6,34.7,31.2,41.7,30.2,52.9,42,34.6,32.4,67.5,-0.2,,0,2013
Massachusetts,A10,33,21,106.7,97.4,0.7409,49.5,47.4,20.3,18.9,32.4,32.6,35.8,35,48.9,46.9,33.6,32.4,71.2,-1,,0,2013
Charlotte,A10,33,21,99.8,96.1,0.6092,47.1,46.9,22.3,20.2,36.5,31.1,44.8,39.3,49.2,45.3,26.8,33.3,67.8,-1.6,,0,2013
Vermont,AE,33,21,101.8,99.2,0.5741,48.6,46.7,20.6,20.6,34.3,28.8,44.8,33.8,48.7,45.3,32.2,32.7,62.3,-6,,0,2013
"Norfolk St.",MEAC,33,21,94.3,97.6,0.4032,46.2,44.9,21.1,22,33.7,36,40,38.5,45.2,45.3,32.5,29.3,68.5,-6.2,,0,2013
"Western Michigan",MAC,34,21,99.8,99.8,0.4998,48.2,46.9,22.3,19.1,35.6,29.1,45.8,35.5,48.2,44.4,32,34.5,66,-6.1,,0,2013
Denver,WAC,32,22,109,94.8,0.8338,56.2,47.3,18.6,26.2,22.7,34.1,31.2,41,56.1,46.5,37.5,33.1,59.1,-2.7,,0,2013
Baylor,B12,36,22,112.4,95.3,0.8698,51.6,45.7,17.2,18.7,33.5,32.8,36.3,33.3,51.1,44.7,34.9,32.2,67.6,-2.5,,0,2013
"North Dakota St.",Sum,32,22,102.1,94.2,0.7167,52.8,44.4,18.1,18.1,30,25.1,28.4,35.4,52.3,42.3,35.8,32.4,60.8,-3.6,,0,2013
Mercer,ASun,34,22,102.3,98.6,0.6042,50.3,46.7,19.5,21.8,29.6,32.6,35.6,40.3,48.4,43.7,35.4,34.5,62.8,-5.6,,0,2013
Alabama,SEC,35,22,102.6,89.7,0.8243,47.9,45.7,19.9,22.6,32,32.9,33.9,32.7,47.1,45.2,33,31.3,61.7,-1.5,,0,2013
"Arizona St.",P12,35,22,107.5,96.3,0.7798,52.3,46.4,18.5,18.1,28.3,30,35.9,26.6,52.5,44.5,34.6,33.7,66.2,-1.7,,0,2013
"Wright St.",Horz,35,22,96.2,91.6,0.6391,49.5,46.8,20.3,24.3,26.4,29.1,33,43.5,48.4,47.3,34.6,30.5,63.2,-5.9,,0,2013
"George Mason",CAA,38,22,102.4,98.3,0.6157,48.5,47.3,20.3,21.8,34.7,33.4,35.3,44.5,47.1,45.8,34.6,33.3,67,-7.8,,0,2013
Virginia,ACC,35,23,107.4,90.3,0.8798,51.6,44.1,18.2,20.9,28.3,27.9,31.6,31.8,48.9,42.7,38.5,31.2,60.7,-1.5,,0,2013
"Stephen F. Austin",Slnd,28,23,98,88.7,0.7582,50.5,42.2,20.5,22.6,34.1,25.9,40.4,35.5,50.9,41.4,32.8,29.7,60.8,-0.5,,0,2013
"Eastern Kentucky",OVC,33,23,108.4,103.7,0.6242,54,51.2,17.9,25.5,27.9,38,34.8,43.7,55.4,53.3,35,31.5,65.1,-4,,0,2013
BYU,WCC,35,23,109.1,95.8,0.8165,50.2,48.1,17,19.3,32.8,27.7,36,37.6,50.2,47.1,33.5,33.3,71.4,-2.5,,0,2013
"Loyola MD",MAAC,35,23,102.3,98.5,0.6086,46.9,45.8,18.4,20.9,37.1,35.9,41,42.4,47.6,46.2,29.9,30,63.7,-4.9,,0,2013
Iowa,B10,37,24,109.1,90.5,0.8959,46.4,44,18.6,19.7,36.6,30.8,40.8,31.2,47.1,43.7,29.9,29.7,67.7,0.1,,0,2013
"Stony Brook",AE,32,24,104.3,93.2,0.7849,49.6,44.1,18.3,20.5,31.9,27.4,37.7,26.7,48.1,42.4,35.4,31.2,64.3,-2,,0,2013
Ohio,MAC,34,24,105,95.4,0.7511,53.6,47.5,18.5,25.5,27.4,34.4,31.3,45.9,54.3,46.5,35.1,33.1,67.9,-2.5,,0,2013
"College of Charleston",SC,34,24,101.4,98.7,0.5768,50.2,45,20.6,15.5,33.3,27.2,38.5,26.9,49.4,45,34.5,30,64.4,-3.8,,0,2013
"Robert Morris",NEC,35,24,103.8,99.9,0.6071,51,50.6,19.2,24.6,31,32.5,37,46,46.7,51.1,38.1,33.2,64.8,-5.9,,0,2013
"Santa Clara",WCC,36,24,108.8,98.2,0.7652,50.7,47.5,18.3,21.1,32.8,33.4,37,42,48.9,45.8,35.8,34.3,68.5,-3.3,,0,2013
Maryland,ACC,38,25,106.1,92.7,0.8254,51.6,43.6,22.2,15.7,36.9,27.9,34.5,29.7,51.9,42.7,33.9,30.3,67.2,-1.3,,0,2013
"Southern Miss",CUSA,35,25,109.4,96.5,0.8082,53.1,48.5,22,24.3,38,31.7,36.5,40.6,51.8,47.8,37.4,32.9,64.8,-0.6,,0,2013
"Louisiana Tech",WAC,33,26,98.9,92.6,0.6808,46.5,45.1,17.7,24.6,33.8,33.6,35.5,36.2,45.7,45.3,31.9,29.6,70.4,-1,,0,2013
"Weber St.",BSky,35,28,107.3,97.5,0.7501,56,44.4,18.7,16.6,29.6,25.3,39.6,33.6,53.7,44.7,40.6,28.9,65.2,-2.7,,0,2013
"Maryland Eastern Shore",MEAC,28,2,85.2,111,0.0456,39.8,53.7,23.5,21.4,34.9,34,35.3,33.2,39.3,53.4,27.2,36.3,64.8,-21.3,,0,2013
Binghamton,AE,29,2,85.2,107.7,0.0632,41.8,51.4,23.2,16.8,26.5,30.3,33.6,31.4,41.3,49.8,28.6,35.9,66.4,-21.7,,0,2013
"Kennesaw St.",ASun,30,3,90.4,110,0.0944,44.7,55.5,21,21.3,30.7,33.1,37.4,47.6,44.4,54.7,30.3,38.2,64.4,-22,,0,2013
Lamar,Slnd,31,3,83.3,110.2,0.0385,42.4,50.3,25.5,16,32.4,34.4,31.5,29,42,48.9,30.3,35.8,70.3,-21.4,,0,2013
"New Orleans",ind,22,4,86.6,112.1,0.049,44.9,54,24.4,21.2,27.4,36.6,38.8,41.5,46.1,52.7,27.1,38.1,71.1,-14.9,,0,2013
"Louisiana Monroe",SB,27,4,90.9,109.4,0.106,48.4,53.5,24.1,21.9,27.3,34.1,31.5,39.6,46.6,53.1,34.8,36.2,66.1,-18,,0,2013
"UC Riverside",BW,28,4,87.4,101.6,0.1507,45.3,50.5,22.6,18.1,30.7,27.4,32.5,32.7,46.3,47.5,28.7,36.9,63.1,-19.8,,0,2013
"South Carolina St.",MEAC,28,4,90.4,111.5,0.0815,42.2,49.9,22.8,18.6,35.6,37.5,27.3,36.4,42.5,49.4,27.5,33.9,65.5,-19.3,,0,2013
Rice,CUSA,29,4,95.1,110.7,0.1481,46.9,55.3,16.7,21,19.2,36.6,28.2,46.7,44.5,55.5,33.4,36.7,62.8,-18.9,,0,2013
"Northern Illinois",MAC,29,4,83.7,101.1,0.1029,39.7,50.1,23.3,22.4,33.2,29.6,35.8,51.9,38.8,49.5,27.8,34.1,62.5,-19.7,,0,2013
IUPUI,Sum,30,4,95.4,115.7,0.0974,50.5,55.9,18.8,16.9,22.1,33.7,24.2,31.6,48.6,54.5,36.1,39.2,66.2,-20,,0,2013
"Texas A&M Corpus Chris",Slnd,28,5,94.6,109.7,0.1547,45.4,51,18.8,19.1,29.8,34.6,32.2,47.4,45.2,49.3,30.5,36.2,62.5,-17.5,,0,2013
"Mississippi Valley St.",SWAC,28,5,88.8,111.3,0.0696,42.2,51.5,21.5,22.2,31.6,37.5,39.5,43.1,40.5,50.9,30.3,35.4,70.6,-18.3,,0,2013
"Idaho St.",BSky,29,5,90.5,107,0.1276,46.2,52.1,19.5,20.8,24.5,34.3,37.5,34.6,45.7,49.7,31.4,37.4,60.3,-19.5,,0,2013
"St. Francis PA",NEC,29,5,92.1,111.2,0.1032,48.2,53,22,19.1,27.6,34.7,31.6,39.9,45.7,51.4,34.8,37.5,63.4,-19.2,,0,2013
Presbyterian,BSth,29,5,93.3,116.5,0.0719,48.9,53.8,20.8,16.4,22.7,35.3,26.4,34.7,47.4,51.1,34.5,39.4,62.3,-18.9,,0,2013
Furman,SC,29,5,90.4,113.5,0.0686,45.8,52.6,22.7,17.2,28.4,33.5,35.3,29.2,44,50.3,32.6,38.6,64.9,-20,,0,2013
"Old Dominion",CAA,30,5,97.7,106.6,0.269,44.9,52.3,20.7,20.4,38.8,33.1,34.6,39.2,46.6,48.8,27.3,39.1,66.8,-20,,0,2013
"Portland St.",BSky,26,6,100.7,117.7,0.143,49.7,53.9,18.2,17.2,31.1,32.8,31.9,33.3,47.6,53.4,37.2,36.9,65,-16.1,,0,2013
"The Citadel",SC,28,6,96.7,118.7,0.0868,50.5,55,23.9,18,30.9,36.2,37.8,28.8,48.9,53.6,35.9,38.2,65.4,-18,,0,2013
"Austin Peay",OVC,29,6,96.7,110.2,0.183,51.7,52,23.2,18.1,28.9,35.3,37.4,29.3,48.8,51.8,38.1,34.9,69.2,-18.5,,0,2013
"Florida A&M",MEAC,29,6,88.6,106.5,0.1078,43,50.5,22.5,22.7,31.6,37.4,32.7,42.2,41.9,49.3,30.3,35.4,69.6,-18.4,,0,2013
Howard,MEAC,29,6,81.2,101.1,0.075,39.2,47.3,23.9,22.9,35.1,34.3,34.1,37,39.9,45.8,24.9,33.3,62.4,-17.7,,0,2013
Fordham,A10,30,6,98.6,105.7,0.3112,45,51.1,22.9,16.3,36.1,32.5,32.6,45.1,44.2,50,31.3,35.6,68.8,-13.2,,0,2013
Milwaukee,Horz,30,6,93.7,106.5,0.1871,44.6,50.5,21.5,17.6,29,35,36.1,30.2,43.5,51.1,30.8,32.7,65.9,-17.4,,0,2013
Hofstra,CAA,31,6,88.1,100,0.189,42,48.9,22.2,20.6,34.3,34.9,39.3,36.7,41.6,50,28.7,31,64.9,-19.7,,0,2013
Longwood,BSth,31,6,93.5,114.2,0.091,48.3,54.4,22.7,18.4,28.8,34.6,30.5,34.7,48.3,53.1,32.1,38.3,70.7,-19.5,,0,2013
"SIU Edwardsville",OVC,25,7,90.4,106.4,0.1338,47.7,51.6,21.7,21.1,28.5,32,32.8,36.9,44.6,52.6,36.4,33,66.2,-13.8,,0,2013
"Tennessee Martin",OVC,28,7,91.9,112.9,0.0861,43.3,53.5,21.1,19.3,32.3,32.7,37.7,44.9,40.9,53.3,32.7,35.9,68.4,-16,,0,2013
Seattle,WAC,29,7,92.5,97.1,0.3642,47.1,46.7,25.5,19.8,36.7,29.9,28.8,42.7,46.5,45.9,32.2,32.1,70.1,-16.2,,0,2013
"UNC Greensboro",SC,29,7,96.1,106.4,0.2357,47,50.2,17.8,19.2,29.2,28.1,33.7,51.9,45,48.2,33.8,36.2,71.8,-18,,0,2013
"Chicago St.",GWC,29,7,90.6,102.1,0.2017,44.4,50.5,21.2,23.5,30.1,33.9,24.6,48.1,41.9,48.6,32.6,36,67.1,-15.7,,0,2013
UMBC,AE,30,7,94.8,107.4,0.1909,46.6,51.2,21.3,20.2,28.7,32.9,30.1,44,44.2,53.8,33.9,30.9,67.7,-17.6,,0,2013
Navy,Pat,30,7,87.7,102.8,0.1392,44.1,49.6,18.5,21.6,25.8,34,27.9,38.4,42.2,50.7,32.1,31.9,61,-18.2,,0,2013
"Coppin St.",MEAC,31,7,92.1,106.5,0.1582,42.6,50.1,21,23.3,29,39.2,31.2,37.1,39.6,53.4,31.2,29.6,68.7,-18,,0,2013
UMKC,Sum,31,7,91.6,106.4,0.1521,47.4,54.5,23,19.3,29.1,30.5,30.3,42.3,45.9,52,33.5,40.1,65,-17.6,,0,2013
"Fairleigh Dickinson",NEC,31,7,92.1,112.8,0.0887,48.9,52.6,22.5,17.5,26.2,38.5,35.2,35.7,47.2,51.7,35,36.3,68.7,-18.6,,0,2013
Dartmouth,Ivy,27,8,95.1,105.3,0.2359,45.5,50.7,20.5,21,28.4,30.9,33.4,43.1,43.5,49.5,33.3,35.5,64.6,-14.1,,0,2013
"New Hampshire",AE,28,8,90.9,100.3,0.2435,43.9,45.8,18.6,18.8,28.1,30.5,34.7,36.3,42.9,47.5,30.5,27.9,64.3,-15,,0,2013
"South Dakota",Sum,28,8,101.4,112.1,0.2403,50.8,53.3,17.9,15.7,24.2,31.9,37.4,26,48.2,51.3,37.1,38,67.8,-14.1,,0,2013
"San Jose St.",WAC,28,8,88.1,102.4,0.1511,41.1,48.7,20.2,19,33.3,31.9,36.7,34.2,40.1,48.1,28.9,33.5,67.2,-14.4,,0,2013
"Rhode Island",A10,29,8,99.9,99.4,0.5163,46,48.7,18.8,19.6,28.4,35.5,35.9,40,44.6,47.5,32.2,34.2,63.2,-11.6,,0,2013
Duquesne,A10,30,8,98.9,104.6,0.3459,47.9,51.5,20.8,17.3,30.9,33.2,31.7,32.8,45.9,48.7,33.8,37.9,69.3,-12.5,,0,2013
"Miami OH",MAC,30,8,97.1,103.5,0.323,48.2,54,21.9,23.1,27.5,34.1,36,37.6,48,52.7,32.4,37.5,65.8,-14.5,,0,2013
Siena,MAAC,32,8,94.1,106.1,0.2023,46.1,48.7,23.7,17,33,34.5,38.1,27.7,43.8,48.2,33.7,33.1,64.1,-18.4,,0,2013
"Fresno St.",MWC,28,9,98.1,92.6,0.6606,43.5,45.4,18.5,20.2,29.2,34.9,37.3,47.1,39.9,46.7,33.7,28.1,62.2,-8.8,,0,2013
"UC Santa Barbara",BW,29,9,95,101.6,0.3176,48.8,49.1,22.4,18.1,31,32.2,30.1,38.2,46.9,45.3,34.2,37.3,64,-13.3,,0,2013
"UNC Wilmington",CAA,29,9,95.9,106.6,0.2288,46.6,50.2,21.4,17.5,31.5,32.8,36.7,38,45.1,50.3,33.5,33.3,66.7,-14.5,,0,2013
"Sacred Heart",NEC,29,9,98.1,110.1,0.2094,49.8,51.2,21.9,18.1,33.2,35.6,32.2,38.2,48.4,49.1,35.2,37.1,68.4,-14.6,,0,2013
"Southern Utah",BSky,29,9,91,104.6,0.167,44.4,48.6,21.9,17.2,32,27.8,36.8,57,42.9,47.1,32.2,35.1,69.7,-15.7,,0,2013
"Alabama A&M",SWAC,29,9,89.2,111.1,0.074,43.8,49.8,21,17.4,31.8,31.9,36.9,36,43.9,48.8,28.9,34.9,66.1,-16,,0,2013
Portland,WCC,30,9,93.5,101.1,0.2881,44,49.6,23.3,17.9,33.7,31,36.1,35.8,43.2,47.7,31,35.7,65.4,-11.7,,0,2013
"Saint Peter's",MAAC,30,9,92.1,102.5,0.2259,45.8,50.1,20,22,30.3,32.5,30.3,41.7,44.1,49,33.6,35,63.7,-15.8,,0,2013
"Nicholls St.",Slnd,30,9,97.1,109.6,0.1999,48.7,52.1,20.2,20.9,30.1,35.1,40,39.3,50.1,51.1,30.5,36.5,67.2,-15.4,,0,2013
"Missouri St.",MVC,31,9,100,102.7,0.4235,44.9,51.9,16.8,19.5,25.8,31.7,34.4,37.9,45.8,52.5,28.8,33.9,61,-12.1,,0,2013
Penn,Ivy,31,9,93.3,100.2,0.3071,47.7,47.8,23.5,21.4,26.8,32.9,34.4,44.9,46.1,45.8,34.3,34.4,68.4,-15.1,,0,2013
"East Tennessee St.",ASun,31,9,92.6,109.4,0.1276,45.7,54.1,20,21.1,27.1,35.5,31.6,33.5,44.2,52.8,32.3,37.2,65.2,-15.5,,0,2013
"Alabama St.",SWAC,31,9,91.1,110.1,0.1023,45.1,49.4,22,19.5,33.4,34.5,32.2,38,44.8,47.6,30.6,35.2,67,-17.2,,0,2013
Auburn,SEC,32,9,97,99.4,0.4298,46,49.7,19.7,19.8,29.2,29.9,35.3,43,45.7,48.3,31.1,34.5,67.1,-13.4,,0,2013
"Alcorn St.",SWAC,32,9,85.4,101.2,0.1234,42.3,44.4,22.2,19.1,29.3,36,38.1,47,41.6,43.8,29.3,30.5,67.7,-16.7,,0,2013
Columbia,Ivy,26,10,98.7,101.9,0.4071,47.6,49.3,17.8,20.1,29,27,33.7,42.4,44.5,46.5,35.4,37.3,61.7,-11.7,,0,2013
"Cal St. Bakersfield",ind,26,10,95.6,103.1,0.295,46.8,51.5,20.7,21.9,30.1,30.2,35.4,52.4,44.7,51.3,33.7,34.6,66.5,-10.4,,0,2013
"Tennessee Tech",OVC,27,10,94.7,105.2,0.2301,46.9,51.2,24.2,21.5,35.3,34.6,38.2,45.8,47.3,51.2,30.8,34.1,65.6,-12.5,,0,2013
Pepperdine,WCC,28,10,97.6,101.8,0.3793,48.6,48.1,23,17.9,32.4,33.3,34.3,33.2,46.8,45.5,35.3,35.4,63.8,-10.7,,0,2013
"Utah Valley",GWC,28,10,96.4,110.7,0.1693,49.6,50.5,18.9,17.3,25.7,30.1,30.5,27.4,50.3,50,32.1,34.4,64.5,-14.3,,0,2013
Maine,AE,29,10,95.8,103.6,0.2902,47.3,48.2,21.7,17.2,30.4,30.4,33.3,34.3,48.8,45.9,29.2,35.4,69.6,-13.9,,0,2013
Radford,BSth,29,10,90.2,101.7,0.2009,44.2,49,19.5,21.6,32.2,31.9,35.8,39.9,42.9,47,31.2,36.6,67.6,-15.6,,0,2013
"Nebraska Omaha",Sum,29,10,98.4,116.9,0.1214,51.5,55.7,20.1,17.6,24.5,37.1,28.9,29.1,50.2,54.8,36.5,38.4,72.4,-13.4,,0,2013
"Central Michigan",MAC,30,10,103.6,111,0.3107,48.3,55,19.8,19.8,30.9,33.1,39.4,34.8,47.1,54.2,33.2,37.7,65.6,-13.8,,0,2013
American,Pat,30,10,95.7,106.4,0.2266,47.3,51.3,20.2,15.6,28.5,27,30.9,27.9,43.8,45.7,36.2,41.1,59.9,-13.4,,0,2013
"Penn St.",B10,31,10,101.5,97.8,0.6044,44.2,49.4,18.9,17.5,30.9,27.1,37.1,51.1,44.1,48,29.6,34.4,65.3,-7.4,,0,2013
Marist,MAAC,31,10,97,103.5,0.3219,48.4,49.9,20.8,18.9,27,33.1,39.6,32,46.6,47.6,34.6,36.8,68.3,-15.1,,0,2013
TCU,B12,31,10,92.7,99.9,0.2964,43.3,49.7,21.9,20.1,32,32.8,40.6,34.1,42.3,49,30.8,34.2,61.1,-11.2,,0,2013
"Eastern Washington",BSky,31,10,96.4,107.8,0.2174,48.8,48.1,19.3,15.8,29.4,35.3,32,36.2,47,46.2,34.1,35.1,68.5,-16.7,,0,2013
Samford,SC,31,10,96.1,107.8,0.211,50.7,51.8,21.1,20,26.8,34.4,31.3,36.6,48.7,50.8,36.4,35.9,60.7,-15.3,,0,2013
Monmouth,NEC,31,10,90.7,103.6,0.1782,44.4,52.9,20.9,25.5,29.8,35.2,32.3,41.5,43.5,52.2,31,36,70.3,-15.4,,0,2013
"Loyola Marymount",WCC,32,10,95.7,99.7,0.3854,44.6,51.4,20.1,20.9,32.7,32.4,34,40.4,42.6,48.7,32.6,37.5,64.8,-12.7,,0,2013
"Mississippi St.",SEC,32,10,89.8,98,0.2682,44.6,49.9,24.8,22.3,30.5,36.1,40.8,25.8,45.5,50,28.4,33.2,68.1,-11.6,,0,2013
UTSA,WAC,32,10,97.7,107.5,0.2493,46.9,52.6,20.6,20.4,31,34.4,36.4,34.4,44.7,52.3,33.4,35.4,64.6,-15.7,,0,2013
"Coastal Carolina",BSth,26,11,96,101.8,0.3356,47,49.6,21.7,22,37,30.6,35.8,39.1,46.8,47.7,31.6,34.8,65.1,-11.6,,0,2013
"Northern Kentucky",ASun,27,11,95.9,103.3,0.2997,48.1,49.8,18.9,21,25.2,31.7,28.4,35.7,46.8,49.5,33.1,33.5,59.6,-12,,0,2013
"Houston Baptist",GWC,27,11,85.7,102.4,0.1137,43.8,47.3,25,22.6,31.7,33,37.5,41.7,42.5,46.8,31.7,32.6,69,-12.7,,0,2013
Winthrop,BSth,28,11,94.3,103.9,0.2475,46.6,47.1,21.4,18.2,29.3,30.6,36.1,36.7,46.4,46.1,31.3,32.6,61.1,-12.5,,0,2013
VMI,BSth,28,11,100.5,112.3,0.2187,49.2,51.2,17.6,18.6,32,37.2,30.5,30.7,49.9,49.8,32.2,36.3,71.3,-13.7,,0,2013
"Montana St.",BSky,28,11,98.8,113.2,0.1726,47.8,55.5,17,21.1,29.2,30.1,37.3,39.6,46.5,53.7,33.3,39.1,66.2,-13.8,,0,2013
"Central Arkansas",Slnd,28,11,97,111.9,0.1622,47.9,50.7,19.8,19.4,33.4,36.6,29.6,40.8,46.4,49.6,34.2,35.7,72.6,-13,,0,2013
"McNeese St.",Slnd,28,11,93.7,108.7,0.1541,44.9,48.8,17.9,19,31.8,37.8,30.3,35.8,43.9,48.6,31.9,32.8,64.3,-12.1,,0,2013
Idaho,WAC,29,11,108.3,111.6,0.4141,52.7,51.7,21.2,14.2,33.1,29.2,37.6,30.8,51.4,50.5,36.8,36,63.4,-11.6,,0,2013
"Northern Colorado",BSky,29,11,100.8,108.5,0.3003,51.3,53,20.2,19,31.4,29.7,33.2,33.4,49.2,52.7,37.1,35.6,66.4,-13.3,,0,2013
"Cleveland St.",Horz,29,11,97.9,107.6,0.2531,46.9,52.2,21.2,21.1,31.9,32.5,30.4,45.2,45.1,51.8,33.5,35.4,65.4,-11,,0,2013
Lipscomb,ASun,29,11,96.2,107.7,0.2142,46.7,51.8,23.2,18.6,35.7,32,44.6,44.9,46.5,52.6,31.5,33.8,70.7,-12.4,,0,2013
"Southeastern Louisiana",Slnd,29,11,93.8,105.4,0.2079,45.6,49.6,19.5,18.4,26.4,32,36,42.8,42.1,46.1,35.5,39.7,66.3,-11.8,,0,2013
"Jackson St.",SWAC,29,11,93.7,106.8,0.1817,44.5,50,18.2,20.9,27.4,35,38.4,39.3,43.2,51.3,31.2,31.5,68.6,-13.5,,0,2013
Nevada,MWC,30,11,103.1,104.3,0.4671,47.3,51.8,18.7,18.7,28.9,32,41.8,40.2,47.8,49.5,30.9,37.4,67,-9.2,,0,2013
"Bowling Green",MAC,30,11,95.4,98.5,0.4087,46.6,48,19.9,20,30.4,31.6,25.8,34.2,46.8,46.5,30.6,34.3,64.1,-13.3,,0,2013
"North Texas",SB,30,11,96,102.9,0.3104,44.4,47.8,20.7,18.5,33.6,32.8,41.5,34.3,44.9,45.3,28.6,35.7,66.9,-13.5,,0,2013
Campbell,BSth,30,11,96.1,110.1,0.174,48.2,51.6,20.1,20.2,32.7,34.6,30.8,39.2,48.7,52.2,31.2,33.5,66.3,-14.4,,0,2013
Chattanooga,SC,30,11,96.5,110.9,0.1682,46,53.5,20,18.5,33.9,27.8,43,32.6,45.9,51.4,30.8,37.6,67.7,-14.8,,0,2013
"Texas Tech",B12,31,11,99.3,104,0.3703,46.5,52.8,21.5,21.3,32.1,34.3,38.1,41.1,47.9,51.1,28.8,37.5,68.2,-9.4,,0,2013
"Eastern Illinois",OVC,31,11,97.3,108.5,0.2229,50.1,54.1,21.3,21.3,30.2,29.8,34.2,37.6,48.7,51.2,35,38.9,60.2,-15.3,,0,2013
DePaul,BE,32,11,105.6,103.2,0.565,47.4,51.5,19.8,21.5,31.7,35.7,31.7,36.2,48.3,50.4,29.9,36.5,72.8,-9.4,,0,2013
Colgate,Pat,32,11,95.8,104.5,0.2684,48,49.1,19.8,15.2,26.2,27,27.6,33,46.1,46.9,34.2,35.5,67.2,-14,,0,2013
"Northern Arizona",BSky,32,11,94.9,107.1,0.1995,48.7,53.2,20.5,20.2,27,30.7,31.4,38.8,48.5,52.2,32.7,36.6,68.5,-14.7,,0,2013
"Texas St.",WAC,33,11,98.9,107.4,0.2782,47.8,51.2,19.3,20.7,26.9,33.7,36.5,37.7,46.7,50.8,33.2,34.8,72.2,-15.7,,0,2013
NJIT,GWC,25,12,93,102,0.2569,45.8,45.1,21.5,21.2,33.8,31.9,41.3,41.7,42.3,42.5,35.8,33.3,67.5,-9.8,,0,2013
Brown,Ivy,27,12,94.3,99.7,0.3458,47.6,49.5,21.6,18.5,30.5,27.1,34.3,34,45.3,45.7,34,37.8,64.4,-10.3,,0,2013
"Sacramento St.",BSky,27,12,94.7,106.3,0.2091,45.8,50.4,17.8,19,30.1,31.2,37.2,27.7,44.1,48.8,33,35.4,63,-11.8,,0,2013
"UT Rio Grande Valley",GWC,28,12,90.5,106.3,0.1346,47.4,49.5,20.8,22,27,35.8,39.4,35.9,44.9,48.6,34.9,34.8,64.1,-12.5,,0,2013
Yale,Ivy,29,12,101.5,103.6,0.4413,46.5,52,22.2,20.4,35,29.8,42.9,40.3,45,49.2,33.2,38.3,64.6,-10.2,,0,2013
"William & Mary",CAA,29,12,106.1,108.5,0.4364,53.6,48.9,20,16.1,28.5,32.4,37.6,30.1,52.2,49.3,37.2,32,63.6,-12.1,,0,2013
"Cal St. Northridge",BW,29,12,101.2,107.3,0.3378,46.6,54.7,19.1,22.2,35.9,31,38.5,39.8,45.7,53.6,33,37.7,71,-11.7,,0,2013
"Cal St. Fullerton",BW,30,12,104.2,108.8,0.3797,53.6,54.1,18.1,22.8,25,37.2,35.5,36.6,51.8,54.8,37.7,35.1,69.9,-13.3,,0,2013
"St. Francis NY",NEC,30,12,101.5,106.6,0.3617,48.4,50.8,18.2,19.8,34.3,33.9,31.6,37.8,48,51.3,32.8,33.2,66.5,-13.1,,0,2013
Cornell,Ivy,30,12,98.3,106.6,0.2822,47.4,52.8,19.6,20.6,28.2,28.3,30.7,37.4,46.1,49.8,33.2,38.7,68.2,-11.8,,0,2013
Jacksonville,ASun,30,12,94.2,106.4,0.1987,46.1,50.3,21.5,20.2,33,32,36.3,39.5,45.4,49.6,32,34.5,69.4,-12.9,,0,2013
"South Florida",BE,31,12,99.8,96.9,0.5856,44.6,47.3,17.7,19.6,30.3,34.5,29.2,30.5,43.2,48.5,31.3,29.9,60.4,-6.8,,0,2013
Marshall,CUSA,31,12,100.2,104.4,0.3831,48.1,49.8,22.9,19.2,37.6,36.1,45,38.4,49.1,47.3,30.9,37.1,68.1,-11.4,,0,2013
"Holy Cross",Pat,31,12,97.4,103.5,0.3345,47.7,47.7,20.1,15.5,28.3,30.1,29.6,31.2,45.3,47.7,34.5,31.7,63.1,-13.3,,0,2013
"North Florida",ASun,31,12,98.8,106.1,0.3053,50.6,48.3,22.1,18.6,31,38.1,29.7,36.5,50.2,47,34.2,34.9,66.4,-12.1,,0,2013
"Western Carolina",SC,31,12,99.6,107.4,0.2974,47.6,49.9,18.9,20.4,34.6,35.1,30.9,47.1,46,50.5,34,32.5,66.5,-13.2,,0,2013
Wofford,SC,31,12,86.5,94.9,0.2543,44.2,47.6,20.3,22.2,25.9,27,27.9,38.3,43.2,48.4,30.7,30.6,63.9,-13.2,,0,2013
"Georgia Southern",SC,31,12,94.6,106.3,0.2071,45.9,49.7,20.1,20.5,30.9,34.4,35.4,37,44.2,50.8,33.1,31.8,62.2,-13.9,,0,2013
"Prairie View A&M",SWAC,31,12,87.1,103.5,0.1209,41.3,46.9,21.6,21.1,38.6,33.4,32.6,43.7,42,46.9,26,31.3,67,-15.1,,0,2013
Buffalo,MAC,32,12,102.5,103.4,0.4761,50.4,47.2,23.7,17.1,35.1,32.5,38.5,36.8,50,46.1,34.2,33.2,65.4,-13.6,,0,2013
"Louisiana Lafayette",SB,32,12,98.4,105.3,0.3135,48.6,48.8,19.6,20.8,29.1,35.2,35.1,43.3,46.9,47.2,34.5,34.9,70.2,-13.9,,0,2013
"Bethune Cookman",MEAC,32,12,96,107.5,0.2134,45.9,51,18.4,22.4,31.3,32.1,39,46.8,45.6,50.9,31,34.1,65.9,-15,,0,2013
Troy,SB,33,12,97.3,107.5,0.2416,45.3,51,16.5,19.1,30.7,33,24.5,36.6,44.5,49.5,31.2,35.8,61.1,-16.6,,0,2013
Arizona,P12,38,33,116.2,87.4,0.9636,51.7,42.3,15.7,19.1,36.4,27.3,41,34.2,50.7,40.2,36.4,32,64.3,9.4,E8,1,2014
Florida,SEC,39,36,115.9,88.4,0.9575,52.2,45.4,17.5,21.3,35.3,28,42.4,31.2,51.3,43.5,35.9,33,63.1,11.7,F4,1,2014
Virginia,ACC,37,30,114.6,89.5,0.9449,50.8,44.2,16.5,18.4,33.9,25.8,42,32.5,49,42.1,36.9,32.3,61.2,8.2,S16,1,2014
"Wichita St.",MVC,35,34,116.4,93,0.9295,52.4,44.7,16.2,18.2,35,26.2,46.9,35.7,52.3,43.6,35,31.1,65.1,8.1,R32,1,2014
Kansas,B12,35,25,119.2,95.6,0.927,54.2,47.1,19.1,16.4,37.3,28.8,48.3,45.5,55.5,44.3,34,35.5,68.2,6.9,R32,2,2014
Michigan,B10,37,28,125,99.9,0.9295,55.7,49.4,14.8,17.1,29.4,30.5,34.9,26.7,52.7,50.2,40.2,31.8,62.6,7.7,E8,2,2014
Villanova,BE,34,29,115.2,92.5,0.926,53.6,46.3,17.3,20,32.6,28.7,44.5,38.6,53.8,43,35.6,35.3,67.6,8.3,R32,2,2014
Wisconsin,B10,38,30,122.7,95.9,0.9441,53.3,47.2,12.7,15.3,28.1,27.4,42.7,27.1,51.3,45.9,37.6,34.1,63.9,7.9,F4,2,2014
Creighton,BE,35,27,125.2,101.9,0.9144,58.9,48.5,15,14.8,27.7,27.8,33.9,33,56.3,47,41.4,34.2,65.4,5.6,R32,3,2014
Duke,ACC,35,26,125.9,98.6,0.9432,53.8,49.3,14.6,18.5,35.2,31.3,38.8,40.8,50.3,50.3,39.5,30.7,66.7,6.5,R64,3,2014
"Iowa St.",B12,36,28,118.6,98.8,0.8903,54.2,47.7,14.5,15.9,28.8,28.5,36.4,30.7,54.4,46,35.8,34.1,71.6,7.5,S16,3,2014
Syracuse,ACC,34,28,114.2,92.8,0.9156,48.2,48,14.8,21.9,38.1,31.5,38.2,36.7,47.7,45.5,33.1,34.5,61.5,7.9,R32,3,2014
Louisville,Amer,37,31,118.8,87.6,0.971,53.5,43.9,15.3,25,37.1,32.7,41.2,38.4,52.7,44.3,36.8,28.6,68.8,5.3,S16,4,2014
"Michigan St.",B10,38,29,119.6,95.3,0.9319,54.5,45.8,17.4,17.7,32.9,27.5,33.7,40.3,52.1,43.5,39.2,33.2,66.2,6.9,E8,4,2014
"San Diego St.",MWC,34,29,109.4,90.7,0.896,46.7,44.4,15.2,20.6,36.1,29.4,45.1,32.4,45.1,43.5,34.2,30.8,64,6,S16,4,2014
UCLA,P12,37,28,119,96.6,0.9167,54.1,49.9,14.5,20.3,29.8,28.6,38.2,35.7,53,48.6,38,34.4,70.2,4.5,S16,4,2014
Cincinnati,Amer,34,27,108.7,91.5,0.8783,47.7,44.8,17.4,22.4,39.1,32.3,38.7,36,46.6,43.2,33.5,32,63.5,5.3,R64,5,2014
Oklahoma,B12,33,23,118.2,99.4,0.8793,51.7,49.7,15.7,17.8,32.4,30.4,39.4,38.5,48.7,48.8,37.9,34.2,71.6,4.1,R64,5,2014
"Saint Louis",A10,33,26,104.9,90.4,0.8477,49.6,44.4,18.6,21,28.8,29,40.3,35.6,50.5,44.4,31.7,29.6,67.5,3.8,R32,5,2014
VCU,A10,35,26,108.3,89.8,0.8955,47.9,47.8,17.2,25.6,34.9,30.8,35.2,39.7,45.6,48.8,34.9,30.3,70.8,3.6,R64,5,2014
Baylor,B12,36,24,119.2,99.5,0.8885,51.3,48.7,17.8,15.8,40.1,32,44.8,32.3,48.3,46.4,38,35.6,62.9,3.1,S16,6,2014
Massachusetts,A10,33,24,109,96.9,0.7952,50.4,46.6,18.8,18.7,34.3,31.7,39.2,37.2,49.9,46.8,34.6,30.8,71.8,3.6,R64,6,2014
"North Carolina",ACC,34,24,113.4,94.7,0.8883,49.9,47,16.9,19.3,38.1,31.3,42.9,41.4,49.7,46.7,33.6,31.7,70.8,4.2,R32,6,2014
"Ohio St.",B10,35,25,108.4,88.5,0.9107,50.3,45.2,17.2,21.9,29.6,29.6,42.3,29.8,51.1,45.9,32.4,29.3,65.4,4.5,R64,6,2014
Connecticut,Amer,40,32,112.5,91.3,0.9171,51.5,44.6,17.3,19.6,30.4,32.8,38.3,35.7,48.1,42.2,38.7,33,64.8,4.7,Champions,7,2014
"New Mexico",MWC,34,27,112.8,95.7,0.8693,51.1,45,15.9,14.9,32.5,28.2,46.7,31.3,51.7,41.1,33.2,34.8,66.2,4.4,R64,7,2014
Oregon,P12,34,24,118.1,100,0.872,53.5,49.1,16.1,18.9,32.2,31.9,43.8,47.8,51,49.4,38.9,32.4,69.3,2.6,R32,7,2014
Texas,B12,35,24,112.4,96.7,0.8507,47.4,46.5,17.5,16.3,39.6,30.2,43.4,41,46.9,42.9,32.7,35.2,68.7,3.6,R32,7,2014
Colorado,P12,35,23,106.9,96,0.774,48.3,49.4,19.7,17.8,34,26.1,48.3,30.2,48.6,47.3,31.8,35.6,66.9,2.4,R64,8,2014
Gonzaga,WCC,35,28,113.6,93.3,0.9064,55.2,44.6,17.4,17.4,30.6,29.5,41.2,38.6,53.6,43.3,39,31.8,66.5,4,R32,8,2014
Kentucky,SEC,40,29,117.2,96.2,0.9062,49.9,46,18.1,16.1,42,29.7,51.8,36.8,50,44.9,33.2,32.2,65.9,3.9,2ND,8,2014
Memphis,Amer,33,23,112.6,97,0.8479,51.9,48.4,18.6,20.3,35.8,33.3,39.5,33.8,52.7,49.2,33,31,69.5,2.8,R32,8,2014
"Kansas St.",B12,33,20,107.9,92.9,0.8473,48.8,45.3,18.5,19,34.7,33.2,40.3,45.4,48.3,45.9,33.1,29.3,64.8,0.5,R64,9,2014
"Oklahoma St.",B12,34,21,115.6,94.8,0.9067,52.4,46.3,14.7,20,28,32,49.7,41,51.3,45,36.4,32.7,69.2,1.4,R64,9,2014
Pittsburgh,ACC,36,26,117.1,94,0.9261,50.7,46.7,16.3,19.2,37.2,29,44.3,36.4,50.1,45.5,35.1,32.6,63.8,4.1,R32,9,2014
"Arizona St.",P12,33,21,110.3,96.4,0.8252,52.4,46.3,16.3,17,24.5,30.2,42.5,37.3,48.8,45.3,39,32.6,69.3,1.2,R64,10,2014
BYU,WCC,34,22,113.8,100.5,0.8078,50.6,49.1,15.3,16.6,34.9,28.6,47.6,36.8,49.2,48.2,36.9,33.7,73,0.6,R64,10,2014
"Saint Joseph's",A10,34,24,113.8,97.5,0.8546,53.9,47.8,18.7,15.3,29.5,27.8,43.6,30.6,52.3,46,37.9,34.2,65.9,2.1,R64,10,2014
Stanford,P12,36,23,111.7,96.5,0.8436,51.3,48,17,17,29.3,28.1,45,37,49.9,45.8,36.4,34.9,67.2,1.1,S16,10,2014
Dayton,A10,37,26,113,99.1,0.8188,52.4,48.8,18.1,18.8,33.9,28.8,40.6,43,50.4,48.3,37.7,33.2,65.4,0.6,E8,11,2014
"George Washington",A10,33,24,110.2,96.8,0.8151,51.5,47.2,19,19.6,35.1,31.4,46.6,33.4,50.2,47.4,36.4,31.2,67.2,3.2,R64,11,2014
Iowa,B10,33,20,121.2,99.2,0.9089,51.1,47.4,15.9,18.8,37.6,29,45.3,35.4,50.6,47.3,35,31.7,70.9,1.2,R68,11,2014
Nebraska,B10,32,19,108.2,95,0.8172,48.3,47.6,16.7,19,25.7,29,42.3,44.9,47.4,47.8,33.3,31.5,66.4,1.3,R64,11,2014
Providence,BE,35,22,114.9,100.4,0.8249,48.3,48.9,17.3,16.4,35.3,30.8,41.9,33.7,46.5,48.8,34.7,32.8,64.9,1.2,R64,11,2014
Tennessee,SEC,36,23,118.1,93.4,0.9374,49.8,46.5,16.8,16.9,39.7,27.5,41.8,31.5,50.6,44.5,31.9,34.5,63.1,0.4,S16,11,2014
Harvard,Ivy,31,26,111.9,95.2,0.8641,52.1,46.2,17.6,21.1,32.3,29.3,48.4,36.3,49.7,44.9,38.6,32.7,65.5,2.2,R32,12,2014
"North Carolina St.",ACC,36,22,114.8,101.4,0.8066,50,47.5,15.8,17.4,34.1,35.6,37,42.6,51.5,47.3,30.5,32.1,66.5,0.6,R64,12,2014
"North Dakota St.",Sum,30,23,113.9,103,0.7613,54.5,49.8,15.6,17.1,30.6,27.9,41.6,40.2,55.4,46.1,34.7,37.8,64,0.2,R32,12,2014
"Stephen F. Austin",Slnd,33,30,112,101.6,0.7527,52.3,50.5,16.9,23.6,38.2,28.9,39.9,50.7,52.3,50,34.9,34.7,63.5,1.7,R32,12,2014
Xavier,BE,34,21,112,99.5,0.7965,51.7,49.4,18.7,16.9,34.1,28.7,41.6,39.5,51.5,47.4,34.8,35.2,66,1.4,R68,12,2014
Delaware,CAA,35,25,110.7,106,0.6237,50.4,49.4,13.4,16.8,29.1,32.8,43.9,38,49.5,49.6,34.7,32.7,72.3,-1.4,R64,13,2014
Manhattan,MAAC,33,25,106.2,96.4,0.7519,50.7,45.4,19.7,21.7,34.4,33.3,55.5,52.8,48.7,44,36.9,32.7,69.6,-0.5,R64,13,2014
"New Mexico St.",WAC,35,25,111.6,102,0.7385,53.2,44.4,18.7,16.1,37.7,33,53.9,34.1,52.9,42.7,36.1,33.2,67.1,-2.3,R64,13,2014
Tulsa,CUSA,34,21,105.6,95.8,0.7537,49.2,46.4,16.7,20.3,30.2,29.6,47.1,47.5,49.2,43.2,32.7,35.2,68.4,-3.6,R64,13,2014
"Louisiana Lafayette",SB,32,20,110.5,104.5,0.6557,51.5,50.4,18.8,18.5,36.5,31.8,44.3,44,49.6,50.6,37.1,33.2,70,-3.8,R64,14,2014
Mercer,ASun,33,24,109.6,101.8,0.6993,54,46.8,17.5,19,32,31.1,37.3,41,51.6,46.9,38.8,31,65.2,-2.8,R32,14,2014
"North Carolina Central",MEAC,32,26,107.9,100.2,0.7018,50.2,44.4,17.2,23.7,35.4,33.1,49.5,44.8,50.8,43.2,32.5,31,64.1,-0.6,R64,14,2014
"Western Michigan",MAC,32,22,104.7,102.5,0.5605,52,47.6,20.9,18.5,31,32,51.4,34.7,53.7,47.8,32.6,31.5,67,-2.9,R64,14,2014
American,Pat,33,20,101.8,97.7,0.6178,55.8,46.4,23.1,19.6,26.5,29.7,35,40.7,55.1,45.7,37.9,31.9,61.4,-5.5,R64,15,2014
"Eastern Kentucky",OVC,32,22,112.1,107.5,0.6177,56.7,55.7,15.8,24.2,23,34,43.2,54.9,55.7,56.7,38.6,35.8,66,-3.3,R64,15,2014
Milwaukee,Horz,34,20,104.3,103.9,0.5123,49.1,49.1,19.9,18.5,28.6,31.2,44.7,36.5,49.1,50.4,32.7,31,67.8,-6.1,R64,15,2014
Wofford,SC,30,17,99.7,102.2,0.4275,48.8,49.5,16.4,19.7,30.9,29,33,39.4,47.4,49.6,34.6,32.9,62.1,-6.5,R64,15,2014
Albany,AE,34,19,102.8,103.1,0.49,48.8,48.3,19.7,18.3,31.9,28.4,42,29.1,47,46,36,34.9,63.2,-8.6,R64,16,2014
"Cal Poly",BW,32,12,102,104.4,0.4356,46,49.3,14.7,18.1,30.9,33.2,33.2,42.9,44.2,48.6,33,33.8,60.4,-10.7,R64,16,2014
"Coastal Carolina",BSth,31,18,98.3,102,0.3946,48,47.5,20.2,18.3,34.2,29.3,38.6,39.6,47.6,46.7,32.6,32.4,67.5,-7.7,R64,16,2014
"Mount St. Mary's",NEC,33,16,107.1,111,0.3986,51.5,53.5,16.7,18.8,27.8,33,36.7,34.5,50.2,54.6,35.5,33.4,69.9,-9.4,R68,16,2014
"Texas Southern",SWAC,33,18,106.1,112.9,0.3293,51.7,50.2,19.3,15.8,33.6,31.2,49.3,29.8,50.7,48.9,35.8,35.6,67.6,-9.7,R68,16,2014
"Weber St.",BSky,29,17,106,106.6,0.4831,54.1,47.8,19,13.8,28.4,28.7,49.7,35.1,51.1,47,39.4,33.7,64.3,-6.9,R64,16,2014
"Abilene Christian",Slnd,21,2,95.1,116.4,0.0889,47.2,56.4,22.3,18,24.9,33.8,42.3,48.3,42.3,56.8,37.3,37.1,64.9,-14.1,,0,2014
"Air Force",MWC,28,10,98.9,104.9,0.336,49.5,50.9,20.5,17.8,26.4,30.2,37.1,43.9,49.6,51.1,32.9,33.7,65.5,-10.7,,0,2014
Akron,MAC,34,21,105,101.7,0.5896,50.3,47.9,19.8,19.5,34.8,32.4,40.4,36.1,49.3,47.1,34.6,33.5,65.7,-4.7,,0,2014
Alabama,SEC,31,12,108.3,98,0.7585,49.4,47,18.3,19.3,30,34.5,44,41.3,49.1,47.5,33.3,30.7,63.7,-6.1,,0,2014
"Alabama A&M",SWAC,28,12,91.6,105,0.1731,46.3,45.2,19.8,20.2,27.6,34.2,41.5,54.6,45,44.5,32.3,31.4,65.8,-12.4,,0,2014
"Alabama St.",SWAC,29,16,95.1,111.7,0.1352,45.5,49.7,17.6,21.4,33.3,34.7,40.7,40,47.2,50.9,28,31.4,67.5,-9.4,,0,2014
"Alcorn St.",SWAC,28,9,93.2,110,0.1289,45.2,49.5,17.8,19.1,28.6,34.5,41.4,41.4,45.2,48.2,30.1,34.8,63.8,-14.9,,0,2014
"Appalachian St.",SC,26,5,91.3,109.9,0.1057,44.2,52.7,18.7,18.9,33.4,31.3,41.1,43.1,44.3,51.6,29.4,37.1,66.3,-16.5,,0,2014
Arkansas,SEC,34,22,110.6,96.4,0.8303,50.1,46.2,15.7,23.2,31.8,36.6,40.2,43,48,43.6,36.2,34.6,72.8,0.1,,0,2014
"Arkansas Little Rock",SB,30,13,100,105.4,0.3522,46,49.9,19,18.3,31.3,30.4,41.5,50.2,45.8,48.3,31.1,34.9,68.4,-9.4,,0,2014
"Arkansas Pine Bluff",SWAC,29,11,92.3,107.1,0.1531,47,54,22.3,23.9,29.2,33.4,41.1,50.7,44.7,53.3,34.1,36.8,66.7,-12,,0,2014
"Arkansas St.",SB,30,17,105.9,104.5,0.5385,52.3,48.4,17.7,18.2,26.9,31.5,42.4,36.1,48.3,48.3,38.6,32.5,68.5,-7.3,,0,2014
Army,Pat,30,14,104.7,109.7,0.369,51.1,52.4,18.9,19.9,32,33.5,32.6,35.3,51.4,49.7,33.8,39,68.9,-10.6,,0,2014
Auburn,SEC,30,14,110.5,103.9,0.6706,48.9,49.8,17.9,18.8,31.7,33.1,44.1,48.7,50,45.4,31,38.7,67.9,-5.4,,0,2014
"Austin Peay",OVC,28,10,100.6,110.4,0.2559,52.6,53.3,21.4,19.9,29.6,35.1,49.3,34.9,53.5,52.7,33.5,36.2,70.9,-13.8,,0,2014
"Ball St.",MAC,28,3,96.7,108.3,0.2137,46.6,51.5,25,16.3,34,30.4,42.6,45.4,46.3,52.3,31.5,33.1,67.4,-17.9,,0,2014
Belmont,OVC,35,25,113.4,105.4,0.6977,57.6,52,18.6,20.5,28.2,33.3,41.2,42.9,56.9,52.1,39,34.5,69.3,-2,,0,2014
"Bethune Cookman",MEAC,30,5,96.1,117.1,0.0929,45.7,51.7,19.7,19.7,31.8,38.7,34.1,53.4,41.3,51.1,35.8,35.3,62.4,-20.5,,0,2014
Binghamton,AE,30,7,92.3,109.6,0.1225,43.9,52.8,21.5,19.8,29.1,32.4,44.2,40.8,41.5,49.6,32,38.5,66.2,-18,,0,2014
"Boise St.",MWC,31,18,114.3,103.7,0.7546,51.2,51.3,15,17,32.1,26.4,36.6,42.3,49.8,50.4,35.9,35.3,65.5,-3.3,,0,2014
"Boston College",ACC,31,7,114.5,109.8,0.618,52.1,52.1,17.4,15,27.1,35.1,44.5,41.5,51.7,50.3,35.1,37.9,63.2,-10,,0,2014
"Boston University",Pat,35,24,107,101.4,0.649,52.3,49.8,17.6,20.4,28.1,29.8,29.9,31.5,50.9,48.2,36.3,35.4,66.8,-2.6,,0,2014
"Bowling Green",MAC,31,11,92,97.1,0.3495,45.5,47.3,22.1,20.5,30.4,31.2,36.3,38.5,46.4,44.3,28.3,35.6,66.6,-12.7,,0,2014
Bradley,MVC,32,12,100,103.3,0.4081,46.4,50,18.7,20.2,32.3,31.1,36.5,43.4,45.7,50.7,32.2,32.6,64.5,-12.6,,0,2014
Brown,Ivy,28,14,100.1,100.2,0.4944,48.2,44.6,18.7,16.7,30.5,27.8,35.6,37.3,44.7,44.1,37.7,30.6,70.3,-7.6,,0,2014
Bryant,NEC,31,17,104.7,108.4,0.4008,52.5,50,18.1,18,29,34,37.1,32.8,53.8,47.5,33.2,36.4,67.6,-8.2,,0,2014
Bucknell,Pat,30,16,102.7,101.2,0.5434,48.9,47.9,16.8,14.4,29,24.4,31.7,31.8,44.6,46.5,39,33.9,64.7,-7.9,,0,2014
Buffalo,MAC,28,18,110.1,103.6,0.6667,50.2,47.1,18.5,19.2,35.1,31.4,41.8,36.3,50,47.6,33.7,30.6,68.1,-5,,0,2014
Butler,BE,30,13,105.9,98.3,0.7022,47.3,50.1,15.3,17.7,30.4,28.5,37.7,31.4,47.3,51.4,31.4,31.4,63.8,-5.6,,0,2014
"Cal St. Bakersfield",WAC,31,12,100,105.8,0.343,49.5,49,21,19,34.3,31.5,38.7,52.5,45.4,50,38.6,31.4,65.4,-14.3,,0,2014
"Cal St. Fullerton",BW,31,11,99.9,108,0.2907,48.1,50.7,17.8,17,29.1,29.1,38.1,45.9,47.3,50.6,33.1,34,67.3,-13.8,,0,2014
"Cal St. Northridge",BW,33,15,105.1,111.7,0.3323,48.9,52.1,18.2,17.3,33,31.2,48.8,41.9,47.3,52.3,36.4,34.6,68.9,-12.3,,0,2014
California,P12,35,21,110.9,99.8,0.7717,50.7,46.9,15.1,15,29.5,29.8,35.6,33.7,50.2,44.3,34.5,35.3,66.4,-0.6,,0,2014
Campbell,BSth,28,9,97.3,114.5,0.1336,51.3,52,20.3,16,31,36.2,27.4,37,50.2,51.7,35.1,35.1,63.8,-14.8,,0,2014
Canisius,MAAC,33,21,111.8,109,0.5713,52.7,50.9,16.5,19.6,31.8,36.3,38,35.3,49.9,51.4,38.6,33.4,67,-4,,0,2014
"Central Arkansas",Slnd,27,6,95.5,112.4,0.133,49.3,52,20.3,19.2,28,37.8,38.2,49,46.9,52,36.7,34.5,72.2,-16.5,,0,2014
"Central Connecticut",NEC,29,10,97.2,111.1,0.1759,48.1,50.9,19.9,18.2,28.8,36.4,29.6,34.2,47.3,48.8,33.5,36.6,70.2,-14.6,,0,2014
"Central Michigan",MAC,29,8,106.1,116.8,0.2493,49.3,57,16.5,19.5,29,32.1,37.1,39.7,50.8,58.3,31.6,36.5,65.6,-15.8,,0,2014
"Charleston Southern",BSth,27,9,105.6,109.7,0.391,51.3,51.9,16.1,16.9,29.9,29.6,34.8,38.3,48.3,47.4,37,40.2,67.5,-12.7,,0,2014
Charlotte,CUSA,31,17,102,102.4,0.4892,49.7,49.2,21,17.4,33.8,29.7,39.5,36.1,48.2,49.2,35.6,32.8,69.6,-6.9,,0,2014
Chattanooga,SC,30,15,99.9,109.8,0.2511,47.4,51.5,18.9,17.9,34.1,32.4,44.6,36.1,46.7,51.7,32.5,34,68.8,-9.7,,0,2014
"Chicago St.",WAC,30,11,97.4,109,0.215,46.8,52.5,17.1,22.1,27,37,33.8,53.6,45.1,52.1,33.3,35.5,69.5,-12.6,,0,2014
Clemson,ACC,36,23,106.7,93.9,0.8116,47.4,43.9,18.2,17.3,33.8,32.5,36.1,28.6,47.9,44.3,31,28.5,60,0.2,,0,2014
"Cleveland St.",Horz,31,19,109.3,102.3,0.6813,52.7,47.8,19.3,19.3,31.9,31.5,37.5,44.3,48.8,46.6,40.2,33.4,64.4,-4.2,,0,2014
Colgate,Pat,30,12,108.6,108.4,0.5041,56.4,50.6,18.1,16.2,23.6,28.6,28.1,34.8,54,50.6,40.1,33.8,64.2,-12.1,,0,2014
"College of Charleston",CAA,31,13,98.7,99.3,0.4826,47.3,45.5,20.3,15.1,34.8,27.9,34.4,43.1,44.9,43.4,34.5,34.2,62.6,-11.6,,0,2014
"Colorado St.",MWC,30,14,110,107.5,0.5663,46.2,51.5,14.1,16.8,34.7,27.7,47.6,37.4,45.7,48.4,31.6,38.2,66.7,-7.7,,0,2014
Columbia,Ivy,33,20,106.9,103.3,0.5989,52.5,47.5,19.2,16.8,26.5,25.3,44,41.2,48.5,45.7,38.6,35,61.7,-5.5,,0,2014
"Coppin St.",MEAC,31,11,99.5,112.7,0.1924,45.3,53.1,17.2,19.3,30.2,36.8,40.2,35.8,43.1,53.1,32.4,35.4,68.1,-13.8,,0,2014
Cornell,Ivy,27,1,101.2,119.4,0.1297,46.7,56.8,18.2,15.5,28.1,32.7,28.2,47,46.5,54.4,31.4,41,66.1,-18.5,,0,2014
Dartmouth,Ivy,26,10,102,109.9,0.2987,49.2,51.8,18.8,19.6,31.6,27.2,36.3,49.9,45.7,49.6,38.1,37.4,64.2,-10.4,,0,2014
Davidson,SC,32,19,113.1,107.2,0.6488,54.7,51.7,16.6,17.7,29.1,28.6,38.4,45.5,53.5,51,37.8,36,67.9,-5.3,,0,2014
"Delaware St.",MEAC,28,7,97.3,112.9,0.1523,46.3,49.5,19.5,18.1,29,35.7,38.7,41.1,45.8,51.5,31.6,30.7,59.9,-15.7,,0,2014
Denver,Sum,30,15,110.2,108.9,0.5358,54.3,52.6,16.6,21,24.8,33.4,34.7,49.2,51.8,53.4,38.4,33.8,59.4,-7.6,,0,2014
DePaul,BE,33,12,105.3,106.5,0.4664,47.6,53.9,19.7,19.1,33.8,32,42,46.7,46.3,52.9,33.6,37.4,67.6,-7.6,,0,2014
Detroit,Horz,30,11,100.7,103.5,0.4216,45.8,50.1,18.5,19.5,32.6,30.5,38.5,50.3,45.7,47.9,30.8,36.1,68,-11.8,,0,2014
Drake,MVC,30,14,104.2,105.8,0.4556,52.1,51.2,18.8,16.9,26.8,27.1,38.2,38.6,47.4,50.9,39.7,34.5,64.7,-8.3,,0,2014
Drexel,CAA,30,16,103.9,101.5,0.5666,46.6,47.2,12.9,17.1,28.9,29.7,39.2,46.6,46.4,47.6,31.4,30.8,64.1,-6.4,,0,2014
Duquesne,A10,30,13,109.9,108.1,0.5468,50.6,53.3,16.2,17.6,29.9,28.9,42.2,33.6,48.5,49.6,36.3,39.3,68.5,-8,,0,2014
"East Carolina",CUSA,30,13,106.4,110.3,0.398,51.3,51.9,18.3,18.1,29.3,35.4,41.6,31.9,48.3,54.1,36.7,31.9,65.5,-9.9,,0,2014
"East Tennessee St.",ASun,34,18,102.8,109.8,0.3181,49.3,50.7,16.3,19.6,27.4,32.2,42.8,42,46.4,51.4,36.1,33,70.2,-10.7,,0,2014
"Eastern Illinois",OVC,27,9,99,111.1,0.2087,48.7,53.6,20.1,17.8,30.6,30.7,41.8,45.7,48.7,50.3,32.5,40.3,65.6,-13.7,,0,2014
"Eastern Michigan",MAC,34,19,97.9,94.4,0.6022,44.2,43.8,17.9,22.6,30.4,37.1,43,40.2,43.8,41.2,30,32,64.8,-6.1,,0,2014
"Eastern Washington",BSky,29,13,105.9,110.4,0.3826,51.9,50.4,17.5,14.8,29.9,30.2,40.4,41.9,49.5,49.4,37.2,35,71,-10.7,,0,2014
Elon,SC,29,16,104.1,106.4,0.4369,52.3,49,17.6,16.8,26.9,31.8,35.8,40.6,50.9,48.6,36.3,33.3,66.4,-7.7,,0,2014
Evansville,MVC,31,12,103.6,105.9,0.4398,49.8,51.1,19.2,18.1,26.5,32.3,49.1,37.7,48.9,49.7,35.3,35.7,67.4,-10.6,,0,2014
Fairfield,MAAC,32,7,96.3,103.2,0.3118,46,47.1,21.8,16.6,30.5,29.1,34.6,58.6,43.6,45.3,33.3,34.6,66.4,-17.5,,0,2014
"Fairleigh Dickinson",NEC,29,9,100.8,113,0.2119,47.7,51.2,17.6,18.4,30.3,38.1,35.7,47.8,45,49,35,37,66.6,-14,,0,2014
FIU,CUSA,28,13,100.8,106.6,0.3441,48.5,49.4,20.4,18.2,33.2,33.7,42.9,37.5,49.1,49,31.3,33.5,66.7,-8.8,,0,2014
"Florida A&M",MEAC,30,12,93.9,108.1,0.1649,44.4,47.8,20.4,20.6,35.6,35.8,33.9,56.3,42.5,47.2,32.3,32.8,71.7,-13.6,,0,2014
"Florida Atlantic",CUSA,30,8,101.2,106.9,0.347,47.7,47.7,19.5,16.7,33.3,34,36.2,41.4,46.9,46.6,32.7,33.7,65,-15.1,,0,2014
"Florida Gulf Coast",ASun,33,20,99.2,100.8,0.4533,51.1,47.7,19.2,18.6,30,28.6,36,35.4,52.5,45.8,31.9,34.2,67.8,-7.4,,0,2014
"Florida St.",ACC,36,22,112,97.6,0.8301,51.7,45.4,21.3,18.9,34.5,35.7,45.6,36.2,49.7,43.5,38,32.9,67.2,1.4,,0,2014
Fordham,A10,31,10,108,110.9,0.4232,45,52.5,16.4,18,35.4,35.6,33.4,42.3,44.5,51.9,30.6,35.7,69.3,-10.3,,0,2014
"Fresno St.",MWC,37,19,110.7,103.9,0.6738,49.9,48.8,14.7,16.6,24,31.6,40.6,42,47.1,49.5,36.3,31.5,67.1,-5.8,,0,2014
Furman,SC,27,7,94,114,0.0977,48.8,52.5,20.9,16.1,26.5,34.9,40.6,29.9,48.9,51,32.4,37,65.2,-16,,0,2014
"Gardner Webb",BSth,30,15,99.7,104.6,0.3651,47.6,50.8,17.9,20,33.2,31.5,41.2,38.7,47.2,51.2,32.5,33.2,66.8,-9.9,,0,2014
"George Mason",A10,31,11,106.3,102.4,0.6066,48.4,50.1,19.8,17.8,31.7,29.9,40.1,47.3,47,50,35.2,33.5,66.9,-9.4,,0,2014
Georgetown,BE,33,18,114.3,100,0.8228,51.1,47.9,17.9,18.2,31.9,32.1,44.8,52.4,51.8,46.8,33.1,33.3,65.1,-1.6,,0,2014
Georgia,SEC,34,20,107.9,99,0.7275,48.9,45.9,20,16,35.3,29.8,54.1,43.4,47.5,44.8,34.9,31.9,64.5,-1.8,,0,2014
"Georgia Southern",SC,31,12,97.9,110.1,0.2072,48.8,51.8,17.9,18.1,30.3,30.3,36.9,32.8,48.4,51.5,33,34.9,66.7,-14.5,,0,2014
"Georgia St.",SB,32,23,114,104.3,0.736,53.1,49.6,11.9,20.1,24.9,34.1,38.8,36,51.1,48.3,38,34.3,66,-2.2,,0,2014
"Georgia Tech",ACC,33,16,105.7,97.9,0.7082,47.8,47.4,18.4,15.4,32.7,28.5,34.4,37.9,48,46.2,31.5,33.2,66.2,-4.5,,0,2014
"Grambling St.",SWAC,27,4,94.5,122.4,0.0486,46.5,57.4,21.9,18.3,30.6,36.1,40.5,40.5,45.3,57.7,32.5,37.9,68.4,-19.3,,0,2014
"Grand Canyon",WAC,27,12,104.5,111.5,0.3214,49.2,49.8,18.9,14.5,27.4,29.2,52.1,40,47,48.5,35.1,35.4,67.1,-8.7,,0,2014
"Green Bay",Horz,28,21,106.5,98.3,0.7165,50.9,46,18.7,19.9,34,32.5,43,34.1,50.9,44.7,34,32.4,67.2,0.4,,0,2014
Hampton,MEAC,30,17,95.5,101,0.3454,46.4,45.1,20.2,22.1,32.9,35.1,50.9,53.6,46,41.6,31.6,35.4,71.4,-8.4,,0,2014
Hartford,AE,33,17,101.2,107.6,0.3317,54.2,51.3,21.7,20.4,24,32,38.9,41.3,52.4,51.2,37.6,34.3,63.8,-10.8,,0,2014
Hawaii,BW,29,18,109.9,107.5,0.5635,51.3,51,16.8,19.2,37.3,31.6,42.4,40.4,51.9,50.8,33.2,34.2,69,-6.3,,0,2014
"High Point",BSth,29,14,105.8,111.3,0.3588,52.2,53.7,18.3,18,30.3,33.3,32.4,35,49.7,54.3,38.6,35,64.6,-8.8,,0,2014
Hofstra,CAA,33,10,105,112.2,0.3189,48.4,51.9,18.8,15.3,35.5,30.9,45.1,41.2,47.2,49.4,33.4,37.7,65.5,-16,,0,2014
"Holy Cross",Pat,34,20,104.2,102.3,0.552,49,49.9,18.2,18.8,29.8,27.5,39.4,30.2,46.9,47,35.3,37.4,64.7,-6.4,,0,2014
Houston,Amer,33,17,110.7,107.9,0.5731,51.2,50.1,18.9,16.4,31.6,34,38.2,34.6,49.5,49,36.7,34.9,67.3,-4.5,,0,2014
"Houston Baptist",Slnd,29,4,91.5,111.1,0.0968,46.3,50.9,22.4,16.4,30.6,33.6,39.5,43.2,44.8,51,33.7,33.7,69.5,-19.7,,0,2014
Howard,MEAC,31,6,87.6,105.8,0.1017,42.1,49.9,24,21.3,31.8,36.3,49.3,54.4,38.9,49.8,32.9,33.4,67.6,-19,,0,2014
Idaho,WAC,33,15,104.9,112,0.3201,50.3,51.5,16.9,15.1,30.7,30.8,44.8,41.2,48.7,52,35.6,33.7,67.3,-12.6,,0,2014
"Idaho St.",BSky,27,9,103.1,112,0.2793,49.4,53.9,18.9,19.2,35.4,31.8,45.4,35.3,47.8,50.7,35.6,38.7,64.6,-13.4,,0,2014
Illinois,B10,35,20,105.4,93.1,0.8065,46.5,48.1,16.5,18.7,31.2,29.3,31.2,32.2,45.9,46.3,31.7,34.3,63.1,0.3,,0,2014
"Illinois Chicago",Horz,29,4,101.3,108.1,0.3208,46.1,53.1,19,16.6,30.4,28.1,39.2,49.9,44.8,51.4,32.6,37.8,66.4,-18.3,,0,2014
"Illinois St.",MVC,33,17,101.3,99.7,0.5453,46.9,48.8,18,20.2,26.9,30.5,40.7,42.3,47.5,46.2,30.8,35.4,68.5,-7,,0,2014
"Incarnate Word",Slnd,15,9,101.3,111.5,0.2483,52.3,51,18.4,19.5,31.2,30,41.3,41.5,50.6,46.2,37.1,41.9,69.6,-4.5,,0,2014
Indiana,B10,32,17,108.4,94.7,0.8246,49.9,46.2,21.8,17.8,37.2,28,45.3,35.5,49.1,46.8,34.4,29.9,69.5,-2.1,,0,2014
"Indiana St.",MVC,32,21,105.6,101,0.6269,50.4,49,17.2,17.6,27,28,43.3,43.7,49.8,47.3,34.3,35,66.7,-1.6,,0,2014
Iona,MAAC,33,22,118,107.8,0.7391,57.4,50.6,14.8,16.7,26.1,35.6,38,29.4,55.8,50.4,39.6,34.1,70.3,-2.5,,0,2014
IPFW,Sum,33,22,109.7,107.5,0.5582,55.3,52.1,18.7,17.8,32.1,27.5,41.7,32.2,54,52,38.4,34.8,67.5,-4.3,,0,2014
IUPUI,Sum,29,3,96.7,113.9,0.1322,46.5,54.1,17.2,15.3,22.7,31.9,32.6,33.2,46.8,53.6,30.4,37,66.3,-19.8,,0,2014
"Jackson St.",SWAC,31,11,93,106.5,0.1745,45.2,49.4,21.9,21.2,33.4,30.3,40.3,55.8,45.6,47.9,29.3,34.7,67.1,-15.3,,0,2014
Jacksonville,ASun,28,10,102.9,116.6,0.1927,48.9,55.7,19.4,18.9,32.7,35.2,42.2,38.9,48.3,54.2,33.5,39,69.7,-12.8,,0,2014
"Jacksonville St.",OVC,29,8,96.9,111.5,0.1675,46.4,53.7,17.5,19.3,31.1,34.7,41.4,47.6,45.9,52,31.6,38.7,62.8,-15.8,,0,2014
"James Madison",CAA,31,11,98.1,106.5,0.2814,45.7,49.1,18.8,18.4,29.7,31.8,47.4,44.4,48.2,46.8,27.3,35.1,65.5,-13.5,,0,2014
"Kennesaw St.",ASun,29,4,92.2,111,0.1063,47.2,51.2,23.8,18.1,31,34.8,38.3,47.3,45.3,51.4,34,33.8,67.9,-19.8,,0,2014
"Kent St.",MAC,31,15,103.1,106.1,0.4193,49.4,48.9,18.3,19.6,30.4,31.5,37,47.6,47.3,47.6,35.1,34.5,66.6,-10.1,,0,2014
"La Salle",A10,31,15,105.9,99.4,0.6741,46.4,48.1,17.5,17.6,33.1,32.5,39.1,32.1,45.3,47.5,32.5,33.1,64.7,-5.2,,0,2014
Lafayette,Pat,30,10,108.7,115.2,0.3382,53.7,54.3,18.9,17.7,27.4,33.7,33.3,35.8,50.6,53.4,39.7,37.2,66.3,-13.7,,0,2014
Lamar,Slnd,30,4,94,112.6,0.1107,46.7,54.5,20.2,18.5,27.6,34.2,39.8,38.5,46.8,53.5,30.8,37.9,68.8,-21.2,,0,2014
Lehigh,Pat,32,14,96.8,104,0.3049,48.8,48.1,18,16.8,26.1,32.4,32.7,31.1,46.5,46.7,35.9,34,66.2,-11.5,,0,2014
Liberty,BSth,29,8,101.5,111.9,0.2455,49.9,51,20.5,15.1,38,29.9,34.5,38.1,48.4,50,35.7,35,64.6,-16.7,,0,2014
Lipscomb,ASun,29,14,102.5,111.3,0.2803,51.3,54.2,17.5,20.1,25.8,31.5,47.9,48.7,49.7,55.2,35.5,35.1,70.4,-9.8,,0,2014
"LIU Brooklyn",NEC,29,9,102.5,118.3,0.1612,49.4,54.6,18.6,15.6,31,33.9,37.8,30.9,47.8,52.5,34.5,39,68.1,-15.2,,0,2014
"Long Beach St.",BW,30,13,103.8,102.8,0.528,48.6,49.8,18.2,18.7,34.5,33.5,30.8,37.2,49.1,50,31.6,32.9,66.4,-7.9,,0,2014
Longwood,BSth,28,4,95.7,117.1,0.0892,47.1,55.7,18.8,18.2,26.8,35.3,30.9,44.4,45.6,55.2,34.1,37.7,68.4,-19,,0,2014
"Louisiana Monroe",SB,26,9,96.5,103.9,0.299,47,49.2,19.7,16.5,30.3,31.3,35.5,38.2,47,48.8,31.4,33.3,63.4,-10.2,,0,2014
"Louisiana Tech",CUSA,36,28,109.8,94.9,0.8423,51.2,46,15.7,22.8,33.5,29.9,41.7,38.6,52.2,45.6,33,31.5,71.1,0,,0,2014
"Loyola Chicago",MVC,31,9,102.3,107.5,0.3614,51.9,51.2,20.7,18.1,26.8,31.5,38,42.1,51.6,51,35,34.5,63.7,-15.4,,0,2014
"Loyola Marymount",WCC,31,12,104.7,106,0.4652,47.1,52,17.3,19.7,32.4,36.2,36.4,43.1,48,50.8,29.8,36.5,70,-9.3,,0,2014
"Loyola MD",Pat,28,9,96.1,108.3,0.2022,44.9,52.8,18.3,20.9,30.5,35.4,41.1,40.3,44.1,48.3,31.5,41.5,66.4,-12.9,,0,2014
LSU,SEC,34,20,111.3,98.4,0.8043,50,46.7,19.2,18,35,31.6,34.2,38.7,49.4,43.8,34.2,35.8,70.1,-1.1,,0,2014
Maine,AE,28,5,94.1,115.3,0.0884,48.9,53.2,20.3,17.6,24.5,35.5,33.9,39.4,48.7,52.9,32.9,36.1,74.8,-17.7,,0,2014
Marist,MAAC,31,12,100.4,105.4,0.364,46.6,50.6,18.1,19.5,29.7,33,40.3,38.3,43.9,47.5,34.7,38.2,66.3,-12.2,,0,2014
Marquette,BE,32,17,109.8,98,0.7885,48.7,49.1,17.5,19.3,34.1,29.6,44.8,38.7,48.9,45.7,32.1,36.5,66.7,-2.1,,0,2014
Marshall,CUSA,31,9,99.8,104.7,0.3679,46.6,50.3,18.9,19.5,32.8,34.5,42.4,43.5,48,51.1,29.1,32.4,68.9,-15.1,,0,2014
Maryland,ACC,32,17,108.1,94.5,0.8237,49.1,47.2,18.6,18.7,33.5,28.9,36.7,42.1,47.8,45.4,34.2,34.1,69.1,-1.5,,0,2014
"Maryland Eastern Shore",MEAC,28,5,99.2,120.6,0.095,45,54.3,18.7,19,32.3,35.9,42.3,43.6,43.4,53,32.1,38.1,66.8,-18.7,,0,2014
"McNeese St.",Slnd,29,9,96.2,112.2,0.1462,44.1,51.8,18.2,18.9,32.8,36.1,33.6,36.6,43.5,48.3,30.2,38.9,67.9,-12.6,,0,2014
"Miami FL",ACC,33,17,109.8,98.5,0.7771,47.6,47,17.2,16.4,33.5,30.4,36.1,31.2,47.2,43.4,32.3,35.5,58.7,-3.8,,0,2014
"Miami OH",MAC,30,13,98.6,102,0.4017,48.3,53.8,20.2,21.7,24.5,29.5,34.8,33.3,49.7,52.4,30,37.3,66.8,-10.2,,0,2014
"Middle Tennessee",CUSA,31,22,104.7,95.6,0.7401,49.5,46.8,19.2,21.7,34.9,29.4,44.1,43.9,48.8,45.6,34.2,33,64.5,-1.8,,0,2014
Minnesota,B10,37,24,114.4,98.4,0.8499,51.6,48.7,18.1,18.7,31.4,31.2,39.7,40.2,50.6,47.1,35.5,34.4,65,0.5,,0,2014
Mississippi,SEC,33,19,111.1,102,0.7277,48.2,48.4,15.9,19.9,33.1,35.5,39.6,43.3,46.5,46.2,33.9,34.7,69.8,-2.7,,0,2014
"Mississippi St.",SEC,33,14,100.7,102.5,0.4468,48.5,51.1,20.2,20.3,28.6,31.5,43.3,33,49.5,52.3,30.7,32.6,68.4,-9,,0,2014
"Mississippi Valley St.",SWAC,29,6,93.3,115.5,0.0794,45.3,54.8,20.3,18.6,29.9,32,36.1,49.3,44.7,54.5,31.1,37.2,72.9,-18.1,,0,2014
Missouri,SEC,35,23,114.2,102.9,0.7682,51.2,47.8,19,15.9,34.7,30.7,52.5,37.7,51,46.6,34.4,33.2,66.4,1.3,,0,2014
"Missouri St.",MVC,32,19,105.2,104.3,0.5254,49.6,51.1,17,18.1,27.1,28.6,40.9,42.9,47.1,50.2,35.9,35.1,65.1,-3.3,,0,2014
Monmouth,MAAC,32,11,95.7,104.4,0.2685,46.8,51.2,20.5,21.3,33.7,30.9,40.6,48.6,45.4,50,33.6,35.3,68.3,-14.7,,0,2014
Montana,BSky,28,15,106.8,111.5,0.3799,54.7,52.8,15.9,18.4,24.7,34.5,42.3,45.6,54.1,52.4,37,35.7,61.6,-8.8,,0,2014
"Montana St.",BSky,29,12,94.7,108.6,0.1714,48,53.8,18,19.6,25.8,27.4,39.3,38.7,46.8,52.6,33.8,37.3,65.9,-13.2,,0,2014
"Morehead St.",OVC,32,18,101.9,104.5,0.4275,49.3,51,22.1,20.6,38.1,27.5,53.2,52.3,51.1,50.6,30.4,34.6,69.6,-6.5,,0,2014
"Morgan St.",MEAC,31,15,99.8,105.3,0.3509,46.5,48.6,18.4,19.8,36.1,34,41.5,44.7,49.5,46.6,26.1,35.6,69.6,-10.1,,0,2014
"Murray St.",OVC,32,21,109.1,105.3,0.6017,53.7,49.4,18,17,31.7,31.3,45.9,35,52.2,49.8,37.6,32.2,67.5,-5.9,,0,2014
Navy,Pat,29,8,93.7,106,0.1943,45.8,51.2,20,20.8,29.7,29.8,29.4,43.2,43.7,49.8,32.9,35.7,63.6,-15.8,,0,2014
"Nebraska Omaha",Sum,29,14,103.7,104.4,0.4796,49.6,51.6,17.2,20.6,28.4,31.1,39.3,36.8,49.5,51.5,33.2,34.5,74.1,-8,,0,2014
Nevada,MWC,32,15,109.1,107,0.5561,49.2,50,15.5,15.9,31.1,31.7,38.1,40.5,48.5,49.9,33.8,33.5,65.5,-7.5,,0,2014
"New Hampshire",AE,29,5,89.4,106.6,0.1167,43.7,46.6,20.5,17,27.3,29.1,32.3,43.8,39.7,46.5,32.9,31.3,62.7,-19.3,,0,2014
"New Orleans",Slnd,24,9,94.7,112.8,0.1187,46.7,53.2,23.4,19.7,34.1,33.1,51.8,42.5,45.6,52.7,32.9,36.4,71.8,-10.2,,0,2014
Niagara,MAAC,33,7,100.5,110.2,0.2592,47.2,54.7,18.5,20.2,32.1,34.5,48.6,50.6,48,53.3,30,38.4,72.4,-19.3,,0,2014
"Nicholls St.",Slnd,28,13,97.4,111.3,0.1768,49.8,51.7,18.2,19.2,28.2,31.2,39.5,60.7,52.2,52.2,30.4,33.7,65.5,-10.4,,0,2014
NJIT,ind,25,9,95.1,110.4,0.1529,48,50.3,18.6,18.8,26.1,32.7,38.8,47.5,45,49.8,35.7,34.1,68.8,-12.4,,0,2014
"Norfolk St.",MEAC,31,16,101.9,108.5,0.3252,50.1,49.4,20.4,19.1,36.8,32.7,38.4,44.6,49.5,47.8,34.4,34.7,64.4,-9.5,,0,2014
"North Carolina A&T",MEAC,31,8,93.1,113,0.0975,42.7,50.1,22.1,17.9,33.4,32.1,58.6,54.4,41.9,47.8,29.5,35.9,67.2,-17.9,,0,2014
"North Dakota",BSky,32,15,103.7,112.5,0.2819,49.9,55.4,16.4,20.9,30.7,31.7,41.6,48.4,50.8,55.2,32,37.3,69.7,-10.7,,0,2014
"North Florida",ASun,30,14,101.8,110.8,0.2733,49.4,51.3,21.9,15.5,34,31.1,40.5,40.2,47.4,50.1,35.4,36.3,68.8,-8.9,,0,2014
"North Texas",CUSA,30,14,99.7,104.5,0.3685,46.5,48.9,18.1,17.6,29.2,30.5,41.3,42.5,44.8,47,34.2,35.5,69.1,-9.5,,0,2014
Northeastern,CAA,32,11,100.6,104.5,0.3922,48,50.8,20,17.1,32.7,29.7,44.4,33.4,47.7,48.7,32.4,37.1,65.1,-13.6,,0,2014
"Northern Arizona",BSky,31,14,99.9,108.5,0.2788,49.9,53,19.6,18.4,33.1,28,34.3,40.1,48.9,49.3,35,40.1,64.1,-12,,0,2014
"Northern Colorado",BSky,30,16,108.3,115.5,0.3208,53.9,54.1,17.2,19,33.4,30.9,37.6,40.7,52.7,52.7,37.9,37.9,64.4,-8.8,,0,2014
"Northern Illinois",MAC,31,14,94.1,97.4,0.4016,42.6,46.7,22.9,20.8,35.9,31,50.6,47.1,43.2,47.3,27.6,30.5,63.2,-10.6,,0,2014
"Northern Iowa",MVC,30,15,113.1,103.8,0.7298,52.7,51.1,16.1,17.1,25.9,27.9,38.5,37.3,51.7,49.1,35.9,36.4,65.8,-6.1,,0,2014
"Northern Kentucky",ASun,30,9,102.5,117,0.1797,50.6,53.3,17.8,16.8,28.4,32.2,35.7,48.8,49.4,51.7,34.9,37.7,63.4,-16.1,,0,2014
Northwestern,B10,33,14,98.8,94.7,0.6206,46.1,45.9,17.3,16.4,22.5,30.6,35.5,38,46.1,45.3,30.6,31.5,62,-4.2,,0,2014
"Northwestern St.",Slnd,29,15,107.1,109.8,0.4294,51.3,52.1,17,20,32.6,36.1,39.8,42.9,51.4,51,34,36.2,75.8,-7.4,,0,2014
"Notre Dame",ACC,32,15,113.5,104.9,0.7118,51.7,51.4,15.9,16.8,32.1,30.1,30,32.1,50.7,48.2,35.8,38.5,64.7,-4.6,,0,2014
Oakland,Horz,31,11,109,111,0.4495,50.2,57.1,16.1,19.7,25,30.4,37.7,42.9,47,55.8,36.6,39.3,68.6,-10.7,,0,2014
Ohio,MAC,36,24,106,102.8,0.5862,52.4,46.2,19.1,18.3,27.4,30.1,34.3,41.5,52.3,45.7,35.1,31.5,65.9,-4.2,,0,2014
"Old Dominion",CUSA,36,18,100.2,100.4,0.4938,47.7,47.8,20.4,19.7,33.2,29.5,39.3,44.6,47.2,45,32.6,35.8,64.2,-9.1,,0,2014
"Oral Roberts",Slnd,31,15,107.6,108.9,0.4644,50.4,48.8,17,16.3,32.9,30.8,41.9,42.8,49.4,46.1,35.8,37.3,64.9,-8.9,,0,2014
"Oregon St.",P12,32,16,113.2,105.2,0.6989,54.1,50.6,19.5,15.2,30.7,32,50.9,36.8,52.3,48.5,39.2,36.8,67.3,-3.7,,0,2014
Pacific,WCC,33,17,108.4,106.9,0.5415,50.3,52.9,18,17.3,31.2,26.8,40.6,52.7,48.4,49.7,36.2,38.7,67.7,-6.1,,0,2014
Penn,Ivy,28,8,98.6,105.7,0.3087,49.7,48.9,22.9,18.2,28.6,34.5,39.1,49.5,50.3,44.4,32.1,38.3,70.1,-12.9,,0,2014
"Penn St.",B10,34,16,110.2,100.4,0.7433,48.3,47.7,15.8,16.4,29.9,28.7,39.4,47.9,48.6,44.9,31.9,35.2,66.2,-3.7,,0,2014
Pepperdine,WCC,30,14,107.1,106.8,0.5096,51.1,50,18.1,15.1,30.9,32.4,39,38.3,49.5,47.5,36.2,36.7,66.9,-7.5,,0,2014
Portland,WCC,31,15,108.7,103,0.6514,50.9,49,17.1,16.7,32.1,29.3,39.5,43.9,47.9,46,39.4,36.9,67.2,-7.6,,0,2014
"Portland St.",BSky,30,15,101.5,111.5,0.254,51.7,53.3,17.1,19.5,26.3,32.5,39.6,41.5,50.5,52.9,36.1,36.4,66.5,-10.4,,0,2014
"Prairie View A&M",SWAC,33,10,95.4,112.8,0.1269,46.8,51.8,20.4,19.5,31.1,36.9,40.6,50.1,44.8,51.7,33.9,34.7,67.5,-17.2,,0,2014
Presbyterian,BSth,30,4,94.6,118.2,0.0712,50.1,54.1,19.1,15,21.6,34.5,30.6,28.3,49.2,52.7,34.7,37.7,65.4,-21.7,,0,2014
Princeton,Ivy,29,20,105.1,98.1,0.6901,52.8,48,17.1,18.8,25,25.1,38,37.4,52.1,47.5,35.7,32.8,64.8,-2.5,,0,2014
Purdue,B10,31,14,108.6,100.2,0.7172,47.2,47.8,17.8,16.4,36.3,30.6,37.5,41.9,46.2,46.9,33.2,33,69,-3.8,,0,2014
Quinnipiac,MAAC,32,20,110.3,109.9,0.5121,46.8,48,17.6,12,41.9,27.2,48.1,36.2,44.6,46.5,35.7,34.7,69.9,-4.9,,0,2014
Radford,BSth,32,19,107.1,113.7,0.3359,51.9,52.4,15.8,17.5,31.5,31.5,40.4,39,51.3,50.4,35.7,38.3,67.8,-8.1,,0,2014
"Rhode Island",A10,31,14,103.6,98.6,0.6382,48.6,46.9,20.8,17.4,32.9,31.3,46.2,43,49.2,48.5,31.5,28.6,66.4,-6.2,,0,2014
Rice,CUSA,28,5,95.1,105.8,0.2266,48.2,49.5,19.6,16.8,21.3,30.5,31.9,46.4,47.9,48.3,32.4,34.7,64.1,-16.3,,0,2014
Richmond,A10,33,19,104.1,96.9,0.6959,48.1,45.9,16.2,20,25.9,34.3,41,40.4,48,46.2,32.2,30.1,64,-3,,0,2014
Rider,MAAC,31,14,105.2,111.1,0.3496,50.6,53.9,19,19.2,31.2,31.6,45.7,43.8,45.7,51.7,39.7,38.5,67.1,-10.5,,0,2014
"Robert Morris",NEC,36,22,104.6,105.9,0.4652,50.4,51.8,17,19.1,30.9,31.6,36.6,38.4,46.5,52.7,38.5,33.5,66.2,-6.2,,0,2014
Rutgers,Amer,32,11,104.7,106.2,0.4601,47,51.4,18.2,17.8,32.5,32.9,36.6,45,46,49.1,32.9,37.4,68.5,-9.9,,0,2014
"Sacramento St.",BSky,28,12,104,110.4,0.3345,50.9,52.7,17.6,18.1,29.9,31.1,35.1,48.5,48.8,53,37,34.9,64.3,-12.1,,0,2014
"Sacred Heart",NEC,31,5,98,112.6,0.1677,46.7,52.3,17.6,18.4,32.4,33,35.7,44.2,45.5,52.8,32.7,34.2,68,-21.2,,0,2014
"Saint Mary's",WCC,34,22,111.9,99.8,0.788,51.4,49.7,18.2,18.1,35.8,29.7,48,40.9,48.3,49.1,38.1,34.2,63.3,-1.8,,0,2014
"Saint Peter's",MAAC,31,14,97.7,104.1,0.323,45.7,47.6,18.7,18.1,30.9,31.6,42.1,40.9,45,46.5,31.6,33.3,62.5,-11.1,,0,2014
"Sam Houston St.",Slnd,33,22,105.1,107.4,0.4386,51.7,50.4,18.9,20.6,33.5,31.7,52.1,49.9,48.9,49.5,38.2,35.1,66,-5.3,,0,2014
Samford,SC,30,10,99.8,117.1,0.1366,51.8,53.3,18.9,17.1,27.1,33.7,38.9,49.1,53,52.3,32.6,36.8,67.3,-15.3,,0,2014
"San Diego",WCC,33,16,105.7,101.6,0.6105,51,49.4,18.7,17.5,27.8,30.1,41.5,37.7,47.9,47.9,38,35,63.4,-7.5,,0,2014
"San Francisco",WCC,31,19,111.4,103,0.7095,53.1,50.5,17.3,16.7,33,29.4,43.9,40.2,52.7,49.1,36,35.3,65.8,-2,,0,2014
"San Jose St.",MWC,29,5,92.8,105.6,0.1851,44.7,50,20.3,14.9,28.1,30.5,33,45.9,40.7,48.5,32.8,35.2,66.3,-15.3,,0,2014
"Santa Clara",WCC,31,12,106.9,105.9,0.5276,48.6,50.8,15.5,18,29,33.4,36.9,46.6,45.3,49.9,36.4,35.8,65.5,-10,,0,2014
"Savannah St.",MEAC,30,11,91.3,100.8,0.2425,46.3,45.4,23.9,21.4,31.8,35,38.9,49,46.3,45.4,30.8,30.3,64.9,-12.5,,0,2014
Seattle,WAC,28,11,99.6,106.1,0.3248,48.7,49.1,20.1,18.3,36.4,31.2,33.8,48,47.1,47.5,34.2,34.8,67.2,-12.4,,0,2014
"Seton Hall",BE,34,17,108.8,99.8,0.7281,52.4,50.2,18.1,18.2,26.4,28.3,43.1,41.6,51.6,49.1,35.8,34.9,66,-5,,0,2014
Siena,MAAC,38,20,101.3,100.4,0.5257,45.8,46.6,20.2,18.6,36.6,33.1,41.7,51.5,44.8,45.3,32.8,33,66.4,-9.7,,0,2014
"SIU Edwardsville",OVC,29,9,99.9,112.7,0.1998,52.3,55.5,20.1,19.5,29.2,33.2,37.9,40.8,50.6,57.7,37.1,33.9,67.5,-15.5,,0,2014
SMU,Amer,37,27,110.4,93.7,0.8679,52.8,44.8,20.2,21.2,35,30.5,43.8,38.7,51.6,42.7,37.9,32.1,66.2,1.4,,0,2014
"South Alabama",SB,28,8,102.7,107.1,0.3814,46.3,49.1,18.5,16.4,31.6,31.4,36.4,40.8,43.8,47.7,33.3,34.8,66.1,-13.3,,0,2014
"South Carolina",SEC,34,14,106.6,101.2,0.6469,46.5,49.2,21.3,20,39.4,33.9,45.7,56.9,42.6,49.4,37.8,32.6,67.2,-6.6,,0,2014
"South Carolina St.",MEAC,28,7,91.2,112,0.0857,43.5,50.2,22.5,17.7,35.5,34.3,33.6,44.6,44.2,50,28,33.8,66.6,-16,,0,2014
"South Dakota",Sum,27,9,100.4,109.3,0.2746,48.7,51.6,18.9,15.9,25.7,30.5,39.8,37.8,46.7,47.8,35.2,39.2,67.3,-11.8,,0,2014
"South Dakota St.",Sum,29,16,105.2,103.4,0.5497,49.6,51.3,17.9,16.3,30.4,22.1,43.7,38.4,48.9,50.3,33.9,35.5,67.5,-5.8,,0,2014
"South Florida",Amer,32,12,101.2,104.2,0.4167,46.2,49.7,19.2,17.5,31.6,31.8,43.8,33.9,48.3,47.3,25.8,37,65.9,-9.6,,0,2014
"Southeast Missouri St.",OVC,30,16,107.5,113.2,0.3552,55.1,51.8,18.5,15.9,32.3,29,39.5,43,55.9,49.2,35.6,37.6,70.6,-9.5,,0,2014
"Southeastern Louisiana",Slnd,28,10,98,112.6,0.1673,50,50.6,18.5,15.9,25.3,33.5,39,43.9,47.5,50.9,36.5,33.3,65,-14,,0,2014
Southern,SWAC,29,16,97.2,99.4,0.4343,49.3,42.8,20.5,18.3,32,30.1,39.3,53.7,48.2,41.4,34.6,30.5,67.6,-7.3,,0,2014
"Southern Illinois",MVC,32,13,106.4,104.8,0.5446,49.4,50.5,18.9,19.8,33.8,31.2,42.4,42.2,49.4,50.5,33,33.7,63.4,-11,,0,2014
"Southern Miss",CUSA,34,27,108.7,99.9,0.7266,50.6,50.2,20.5,23,38.6,29.1,51.5,46.3,50,49.2,34.7,34.3,64.5,1.3,,0,2014
"Southern Utah",BSky,28,1,88.1,114.2,0.0486,44.7,53.1,21.4,16.6,23.8,34.2,39.3,57.7,43.1,51.4,32.6,38.3,65.4,-21.9,,0,2014
"St. Bonaventure",A10,33,18,111.6,101.6,0.7462,49.6,50.7,18.7,21.5,36.5,31.7,41.1,45,49.9,49.4,32.6,35.5,67.4,-4.6,,0,2014
"St. Francis NY",NEC,31,17,98.3,101.4,0.4108,48.2,45.9,19.4,18.2,33.2,29.1,36.1,43.7,48.7,44.2,31.5,33.8,67,-8.7,,0,2014
"St. Francis PA",NEC,31,10,95.8,110.7,0.1598,47.6,52.4,17,17.5,26,32.2,32.7,30.1,47.3,50.8,32,37.5,63,-15.8,,0,2014
"St. John's",BE,33,20,107.7,95.1,0.8084,48.7,46.5,15.6,19.2,31.1,30.8,37.1,38.1,47.6,44,34.9,34.5,68.1,-0.2,,0,2014
Stetson,ASun,30,7,93.9,113.8,0.0992,47.1,53.2,19.4,18.8,27.5,36.3,36.7,38,48.8,51.7,29.2,37.2,63.5,-18.2,,0,2014
"Stony Brook",AE,33,22,104.2,104.7,0.4858,50,48.1,18.7,19,34,26.9,38.4,42.1,48.8,47.3,35.4,32.9,66.1,-5.2,,0,2014
TCU,B12,30,8,99.5,102.7,0.4104,44.6,50.3,17.6,18.9,24.6,39,44.8,35.4,43.3,49.8,31.9,34.3,65.9,-8.8,,0,2014
Temple,Amer,31,9,109.7,108.6,0.53,48,52.6,15.1,15.9,32.3,33.9,31.7,37.2,46.8,52.1,33.8,35.9,68.2,-10.5,,0,2014
"Tennessee Martin",OVC,29,6,102.7,117.9,0.1694,48.1,58.8,16.2,19.5,30,32.7,35.1,49.7,45.8,59.4,34.9,38.2,69.6,-17.5,,0,2014
"Tennessee St.",OVC,29,4,99.8,113.4,0.1872,47.1,52.3,18.4,16.6,31.9,33,43,51.4,48.4,52.8,29.4,34.1,65.5,-18.2,,0,2014
"Tennessee Tech",OVC,31,15,100.3,107.6,0.3079,50,51.5,22.4,19.5,35.5,31.6,46.1,54.3,50.5,50.5,32.6,35.6,68.1,-10.7,,0,2014
"Texas A&M",SEC,34,18,101.1,94.7,0.6794,47.9,45.3,17.4,20.3,27.2,31.4,38.8,39.8,48.1,46.5,31.7,28.8,63.8,-4.9,,0,2014
"Texas A&M Corpus Chris",Slnd,32,17,103.4,109.8,0.3337,51.8,50.9,19.2,18.5,34.3,32.3,43.9,45.3,50.6,50.8,37.2,34,62.2,-9.4,,0,2014
"Texas St.",SB,29,6,94.8,102.6,0.287,47.5,51.9,21.5,19.2,29.7,28.9,33.6,43.4,48,47.9,30.7,40,63.1,-16.5,,0,2014
"Texas Tech",B12,32,14,110,101.6,0.7126,49.7,49.9,18.8,17.9,37.6,32.9,38.7,42,50.7,50,31.1,33,62.5,-3.8,,0,2014
"The Citadel",SC,29,4,96,117.8,0.087,47.7,51.6,19.2,14.8,27,34.6,34.4,36.4,45.1,51.1,35.7,35.1,65.6,-20.1,,0,2014
Toledo,MAC,33,26,113.8,109.5,0.6098,51,52.6,14.7,19.5,35.2,31.7,43.8,35.1,50.6,52,34.6,35.8,68.6,0.2,,0,2014
Towson,CAA,35,24,108.8,107.2,0.541,50.5,45.7,17.5,12.8,34.6,30.8,53.2,38.1,49.2,45.2,35.7,31.1,65.6,-3.4,,0,2014
Troy,SB,29,9,101.4,108.4,0.3167,47.5,50.5,18.8,17.9,32.8,32.3,43.9,30.6,45.4,51.4,33.9,32.5,65.1,-14.2,,0,2014
Tulane,CUSA,33,16,99.1,110,0.2321,47.4,50.7,20.1,16.6,30.1,31.8,49.5,40.7,44.6,49.3,35.1,35.4,63.5,-9.7,,0,2014
UAB,CUSA,29,16,103.5,102.7,0.5243,45.3,46.7,18.5,15.3,39.8,29.7,41.6,30.9,45.5,46.2,30,31.9,68.6,-6.6,,0,2014
"UC Davis",BW,29,7,101.9,115.6,0.1899,49.9,55.8,17.3,18.3,23.9,35.6,37.2,38.8,48.3,54.4,34.9,39.2,67,-16.4,,0,2014
"UC Irvine",BW,33,21,102.1,95.5,0.6831,51.4,42.3,19.4,14.9,32,29.5,36.3,39.3,50.7,39.2,35.5,33.2,64.8,-4.3,,0,2014
"UC Riverside",BW,29,8,96.9,108.4,0.2165,46.5,49.3,19.4,17.4,29.3,30.7,41.8,43,47.2,45.9,29.7,38.2,67.7,-15.7,,0,2014
"UC Santa Barbara",BW,28,19,110.3,103.7,0.6694,53.1,47,17.6,16,31.1,31.5,41.9,39.3,50.5,43.5,38.7,35.2,63.7,-2.8,,0,2014
UCF,Amer,29,11,106.7,105.9,0.5216,49,51.9,20,17.2,38.1,33.1,38.2,36.6,49.1,51,32.6,36,67.9,-7.7,,0,2014
"UMass Lowell",AE,27,9,93.9,112.9,0.1071,45.6,50.3,20.8,18.2,28,36,38.8,35.5,43.9,51.7,32.1,31.8,65,-12.4,,0,2014
UMBC,AE,28,8,90.9,109.8,0.1026,45.4,51.3,21.3,21.7,29.1,31.3,40.2,57.4,44.7,49.5,31.1,36.3,68.6,-15.2,,0,2014
UMKC,WAC,29,10,97.5,107.4,0.2462,48.2,52.5,18.3,19.3,25.7,31.2,40.9,43.3,49.4,52.7,30.5,34.7,70.3,-12.9,,0,2014
"UNC Asheville",BSth,29,14,106.8,110.8,0.3939,51.4,51.2,19.3,16.8,33.6,34.2,43.4,41.3,48.7,49.2,38.1,36.9,70.3,-9.8,,0,2014
"UNC Greensboro",SC,29,11,94.3,109.3,0.1549,47.3,50.5,19.6,17.2,28.6,28.5,37.8,47.5,46.1,50.5,33.6,33.7,70.5,-13.2,,0,2014
"UNC Wilmington",CAA,30,7,95.7,103.8,0.2809,44,50.4,17.6,17.3,31.4,34.2,32.3,41.9,44.6,49.7,28.3,34.4,64.4,-15.9,,0,2014
UNLV,MWC,33,20,107.9,98.1,0.7491,48.9,44.5,16.6,15.3,34.2,31,39.5,25.7,48.7,44.2,32.9,30.2,67.2,-3.9,,0,2014
USC,P12,31,10,102.8,101.5,0.5373,47.8,48.9,19.6,15.7,30.6,32.2,42.3,38.7,49.7,49.2,28.5,32.1,70.3,-8.7,,0,2014
"USC Upstate",ASun,32,17,104.2,104.6,0.4891,50.5,47.6,18.3,18,34.5,30.8,38.9,38.6,52,45.1,31.8,34.2,65.8,-8.3,,0,2014
"UT Arlington",SB,29,13,104.4,109.1,0.3779,49.9,51.6,18.9,17.1,31.3,31.8,43.3,42.7,48.8,48.4,34.4,37.6,69.7,-9.2,,0,2014
"UT Rio Grande Valley",WAC,31,8,93.9,105.7,0.2029,45.3,50.8,17.8,21.1,29.2,34.6,35.8,46.4,46.7,51.3,27.9,33.2,66.1,-18.1,,0,2014
Utah,P12,31,19,110.4,96.2,0.8289,53.1,47.3,18.3,18.8,28.2,29.2,39.8,36.2,53.7,46.7,34.5,32.6,65.3,-0.4,,0,2014
"Utah St.",MWC,31,17,108.6,104.3,0.6142,51.3,47.6,17.2,12.4,32.3,26.7,33.7,33.6,46.8,48.2,40.9,31.1,63.8,-5.3,,0,2014
"Utah Valley",WAC,30,18,101.5,106.1,0.3745,48.8,49.5,17.2,15.8,27.7,28.8,38.7,35.4,48,49.6,33.5,32.8,62.8,-5.9,,0,2014
UTEP,CUSA,32,21,106.2,98.9,0.6937,50.6,44.5,20.2,17.4,32.2,32.9,52.7,37.8,51.2,43.9,32.6,30.5,64.7,-2.7,,0,2014
UTSA,CUSA,27,6,100.8,113.9,0.1971,47.9,54.9,23.2,17.1,34.5,33.1,51.5,44,46.6,54.3,33.4,37.3,68.6,-14.9,,0,2014
Valparaiso,Horz,31,15,102.5,103.2,0.4797,51.4,46.1,22.6,16.1,32.7,31.1,45.8,43.9,50.7,43.8,35,34.1,65.4,-8.6,,0,2014
Vanderbilt,SEC,31,15,103.6,97.9,0.6572,49.1,45.7,20.6,16.5,29.9,34.6,41.2,35.3,49.8,45.8,31.9,30.4,63.9,-4.6,,0,2014
Vermont,AE,31,20,107.1,100.3,0.682,52.2,45.5,18.2,20.1,33.1,27.8,46,40.2,49.7,44,39,32.5,64,-4.1,,0,2014
"Virginia Tech",ACC,31,9,100,99,0.5296,47.1,47,19.7,13,31.7,29.5,38.1,33.5,43.1,45.6,36.1,32.6,64.5,-10.1,,0,2014
VMI,BSth,31,18,107.3,110.1,0.4271,49.9,49.9,13.6,15.6,31.3,32.9,34.5,36.8,51.2,49.4,31.8,34,75.1,-8,,0,2014
Wagner,NEC,29,17,97.3,100.1,0.42,46.2,44.3,18.1,18.9,34.4,31.7,37,44.2,44.9,43.9,33.1,30.1,68.3,-7.6,,0,2014
"Wake Forest",ACC,33,17,106.7,101.2,0.6484,49.8,47.5,18.4,16.8,30.2,33.8,50.1,39,50,47.7,32.9,31.4,68.2,-2.6,,0,2014
Washington,P12,32,17,111.2,104.2,0.6788,49.6,51.8,16.5,16.3,32.2,29.2,37.1,41.4,49.1,53.3,33.9,31.8,68.8,-3.6,,0,2014
"Washington St.",P12,30,9,101.1,102.6,0.4564,46.9,51.5,18,17.5,27.7,27.9,37.2,44.7,45.2,49.6,32.7,36.9,62.3,-9.3,,0,2014
"West Virginia",B12,33,17,115.2,101.8,0.8058,50.4,50.6,14.2,18.5,32.4,32.5,39.1,41.6,46.9,50,38.1,34.5,68.2,-1.8,,0,2014
"Western Carolina",SC,31,16,102.5,110,0.3062,48.2,50.5,17.8,19.8,35.4,32.7,36.8,58,46.1,50.8,34.9,33.2,67.7,-9.9,,0,2014
"Western Illinois",Sum,27,7,93.9,103.1,0.2545,49.1,48.6,21.6,18.7,24.9,28.6,38.9,47.1,48.3,46.9,34,34.8,62.6,-14.4,,0,2014
"Western Kentucky",SB,31,19,101,101.6,0.4829,47.6,48.5,20.2,18.9,34.3,28.1,41.9,43.1,45.8,46.8,33.5,35,66,-5.4,,0,2014
"William & Mary",CAA,30,19,112.8,112.1,0.5198,56.2,52.2,16.1,15.8,24.3,30.8,39.6,29.3,53,50.5,40.4,37.1,65.1,-5.3,,0,2014
Winthrop,BSth,30,17,103.2,108.9,0.3487,50.9,52.5,18.6,19.9,28.9,30,41,45.1,46.2,51.5,39.3,36.4,66.2,-8.2,,0,2014
"Wright St.",Horz,34,19,99.5,97.3,0.5647,51.2,48.6,20.3,23.6,23.5,29,43,45,49.3,48.2,36.5,33,65.2,-8.1,,0,2014
Wyoming,MWC,31,16,104.9,99.9,0.6368,52.7,46.2,16.9,16.6,18.1,31.6,45.6,32.8,53,45.6,34.9,31.6,61.1,-5.7,,0,2014
Yale,Ivy,32,18,101.5,101.4,0.503,46.2,50.2,19.7,18.6,34,25.3,50.5,41,45.6,47.9,31.7,36.3,65.2,-6,,0,2014
"Youngstown St.",Horz,29,12,107,108.4,0.4626,52.2,52.2,16.1,18.6,25,30.5,40,41.2,52.3,51.7,34.7,35.5,68,-10.3,,0,2014
Wisconsin,B10,40,36,129.1,93.6,0.9758,54.8,47.7,12.4,15.8,32.1,23.7,36.2,22.4,54.8,44.7,36.5,37.5,59.3,11.3,2ND,1,2015
Duke,ACC,39,35,125.2,90.6,0.9764,56.6,46.5,16.3,18.6,35.8,30.2,39.8,23.9,55.9,46.3,38.7,31.4,66.4,10.7,Champions,1,2015
Arizona,P12,38,34,117.5,86.9,0.97,53.5,45.1,16.5,20.6,34.5,22.4,47.1,37.3,53.3,42.7,36,33.5,66.7,9,E8,2,2015
Gonzaga,WCC,37,34,120.2,93.1,0.9498,57.9,44.2,16.1,17.1,33.9,28,38.7,30.5,57,42,40,33,65.2,7.8,E8,2,2015
Louisville,ACC,36,27,109.4,87.4,0.929,47.7,44,17.2,21.3,34.7,30.8,38.7,33.3,48.4,43.3,30.7,30.3,65.6,5.8,E8,4,2015
"Notre Dame",ACC,38,32,125.3,98.6,0.9401,58.3,47.9,14.5,17.3,27.9,32.2,36.7,24.1,58.2,47.4,39,32.6,63.9,8.6,E8,3,2015
Kentucky,SEC,39,38,120.3,84,0.9842,51.5,39.6,16.3,21.3,39.5,31.8,43.9,31.7,51.2,39.1,34.9,27.1,63.5,13.1,F4,1,2015
"Michigan St.",B10,39,27,116.3,92.6,0.9327,53.2,44.9,17.5,16.5,33.5,27,32.7,39,50.8,43.8,38.5,31.5,63.9,3,F4,7,2015
"Abilene Christian",Slnd,28,7,90.6,111.3,0.0854,47.3,55.3,19.8,20.8,24.1,33.9,28.3,44.7,42,55.2,37.8,37,64,-16.8,,0,2015
"Air Force",MWC,29,12,105,110.2,0.366,53.6,53,19.2,20.2,29.6,32.6,30.8,35.5,53.9,51.5,35.4,36.6,61.6,-10.2,,0,2015
Akron,MAC,34,20,103.4,97.1,0.6727,49.4,45.5,18.8,18.8,33.3,31.5,31.3,41,46.7,43.8,34.9,33,64.1,-6.9,,0,2015
Alabama,SEC,33,18,110.1,98.2,0.7881,50.7,47.4,18.7,18.9,29.6,32,43.7,39.5,52.3,46.5,32.2,32.6,62.8,-1.7,,0,2015
"Alabama A&M",SWAC,28,8,92.8,113.9,0.0867,44.7,50.5,21.9,18.3,35.2,36.4,41.6,41.3,45.4,50.7,29.1,33.3,63.5,-15.9,,0,2015
"Alabama St.",SWAC,27,17,94.4,105.2,0.2249,48.2,46.9,19.7,19.2,36,29.2,34.6,35.6,46.4,45.3,35.4,33.6,68,-7.2,,0,2015
"Alcorn St.",SWAC,30,5,91.6,118.2,0.0502,43.1,52.8,17.2,18.6,30.2,35.9,37.5,39.9,43.3,50.9,28.4,38.2,66.9,-20.6,,0,2015
American,Pat,33,17,99.8,103.8,0.3886,53.4,51,19.4,21.8,21.3,31.6,34.4,33,51.8,50.9,37.4,34.2,57.2,-10.1,,0,2015
"Appalachian St.",SB,29,12,95.8,106.2,0.2328,45.6,50.6,20.6,17.2,31.4,29.8,33.6,37.6,44.5,51.5,31.6,32.3,65.8,-11.7,,0,2015
"Arizona St.",P12,34,18,107.9,97.1,0.7711,50.9,50.2,20.7,19.1,31.8,25.1,42.1,34.1,49.9,48.6,35,36.2,66.3,-3.8,,0,2015
"Arkansas Little Rock",SB,30,12,102.9,108,0.3645,47.6,51,15.6,19.9,28.4,31.2,36,40.8,45.8,49.1,34,36.3,64.7,-13.1,,0,2015
"Arkansas Pine Bluff",SWAC,32,12,90.1,108.7,0.1035,46.3,51.2,23.5,24.9,30.5,39.5,35.6,48.8,44.2,48.8,33.3,36.9,64.1,-15.1,,0,2015
"Arkansas St.",SB,28,10,93.5,106.2,0.188,45.3,48.3,20,17.6,29.7,32.7,33,34.7,44.1,47.6,32,33.1,66,-13,,0,2015
Army,Pat,29,14,97.4,106.1,0.2739,50,51,19.1,18.9,29.7,31.5,32,40.7,51.1,49.9,32.2,35.8,69.9,-10.9,,0,2015
Auburn,SEC,34,14,105.3,101.6,0.6016,46.9,52.5,18.9,21.3,27.6,34.1,48.8,41.9,43.4,53.8,35,33.3,67.9,-6.9,,0,2015
"Austin Peay",OVC,28,6,93.1,107.1,0.1662,44.5,54.9,20.8,20.3,31.8,29.2,41.6,38.4,44.2,53.2,30.1,38.6,67.2,-16.7,,0,2015
"Ball St.",MAC,29,6,98.9,106.7,0.2942,48.9,52.4,21.6,18.2,29.9,28.6,35.4,42.1,47.7,51.8,33.6,35.7,64,-15.8,,0,2015
"Bethune Cookman",MEAC,30,9,90.4,109.4,0.1001,44.2,48.2,22.7,20.9,34.4,34.1,40.3,46.4,44.4,47.5,29.1,33.1,60.6,-18.2,,0,2015
Binghamton,AE,30,5,91.4,109.2,0.1151,44.6,52.3,21.6,20.4,26.2,32.5,39.8,33.8,43.9,49.8,30.6,37.5,63.6,-19.3,,0,2015
"Boston College",ACC,32,13,108.6,99.2,0.74,50.8,49.4,18.8,18.8,26,30.9,35,40.8,52.1,49,32.4,33.5,63.9,-5.8,,0,2015
"Boston University",Pat,29,12,103.9,109.3,0.3566,52.7,53,19.4,16.3,28.2,28.4,44.9,33.6,50.8,50.9,36.8,37.4,64.7,-11.9,,0,2015
"Bowling Green",MAC,32,21,104.2,100.1,0.614,49.3,47.2,18.4,19.5,31.6,29.5,32.4,32.2,48.6,46.1,33.8,32.6,63.8,-4.2,,0,2015
Bradley,MVC,32,8,91.9,98.1,0.322,42.3,50.3,20.4,21.9,32,29,37.8,46.2,40.7,47.2,30.1,36.9,62.4,-15.2,,0,2015
Brown,Ivy,29,11,98.3,105,0.3178,47,48.5,21.6,16.4,29.8,30.5,45,36.4,47.2,47,31.1,34.7,68.2,-12.2,,0,2015
Bryant,NEC,31,16,102.1,108.8,0.3266,48.8,48.3,18.3,16.6,29.5,32,32.8,35.9,46.9,48.9,34.6,31.5,63.6,-10.4,,0,2015
Bucknell,Pat,33,18,103.2,107.1,0.3935,49.7,49.9,17.1,14.5,29.6,25.9,40.3,38.4,46.2,47.7,38.1,36.6,64.8,-8.4,,0,2015
"Cal Poly",BW,27,11,101.5,100,0.5427,44.1,49.3,14.8,17.3,31.9,28.2,31.5,31.3,42.5,47.3,31.6,35.6,59.2,-9,,0,2015
"Cal St. Bakersfield",WAC,30,11,98.3,105.4,0.3097,46,48.3,20.1,19,33.4,26.9,37.7,48.7,45,44.4,32,36.6,61.1,-14.6,,0,2015
"Cal St. Fullerton",BW,29,7,97.1,107,0.2464,45.7,51.3,19.2,16.6,28.5,27.1,36.7,41,44.9,48.1,31.8,38.7,66.4,-15.9,,0,2015
"Cal St. Northridge",BW,31,7,99,107.2,0.2858,45.3,51,19.5,16.6,28.4,30.5,41.1,35.9,44.3,48.5,33,36.6,65.8,-15.8,,0,2015
California,P12,33,18,102.6,97,0.6558,48.9,46.8,16.6,14.3,26,25.1,30.3,38.8,47,45.6,35.9,33.4,66.1,-3.4,,0,2015
Campbell,BSth,29,7,96,107.8,0.2088,49.8,52.5,20.1,19,27.5,30.8,35.9,42.4,46.5,52.7,36,34.7,61.8,-17.5,,0,2015
Canisius,MAAC,33,18,101.2,100.7,0.5153,46.6,46.9,18.4,21.5,34,32.3,32,40.7,46.1,46.1,31.8,32.2,63.9,-9.3,,0,2015
"Central Arkansas",Slnd,29,2,89.1,116.3,0.0447,48.8,55,25.6,18.3,28,36.7,39.3,42.5,46.5,54.4,35.3,37.6,69.9,-23,,0,2015
"Central Connecticut",NEC,31,5,91.3,111.3,0.0926,44.6,51.4,21.3,15.8,30.9,32.8,28.6,23.9,43.2,51.2,32.2,34.5,63.8,-21.9,,0,2015
"Central Michigan",MAC,29,20,113.2,105.1,0.7002,54.5,51.7,15.1,19.7,28.8,30.9,36.6,36.2,53.7,51.7,36.9,34.4,64.6,-2.6,,0,2015
"Charleston Southern",BSth,28,16,103.9,107.4,0.4061,48.5,52.4,17.2,18.9,33.4,28.5,34.9,32.4,46.7,50.5,33.7,36.7,65.7,-6.2,,0,2015
Charlotte,CUSA,32,14,106.2,106.4,0.4954,51.7,50.6,19.6,18.4,33.7,31.3,36.9,33.1,49.8,48.3,37.6,36.5,67.4,-10.2,,0,2015
Chattanooga,SC,30,20,102.4,103.3,0.4745,50.5,48,19.4,18.7,32.5,32.7,43.8,43.2,49.9,46.3,34.4,35,65.3,-4.9,,0,2015
"Chicago St.",WAC,29,5,87.8,106,0.1028,42.3,52.8,23.5,22.3,33.6,33.3,27.1,53.9,40.6,50,30.2,38.1,63.5,-17.7,,0,2015
Clemson,ACC,31,16,104.2,92.7,0.7942,46,45.6,18.6,17.7,34.1,31.4,34.4,31.2,46.5,43.9,29.9,32.8,62.2,-3,,0,2015
"Cleveland St.",Horz,32,17,105.5,100.5,0.6382,51.7,48.8,19,21,31.9,30.6,31.1,43.7,48.9,45.6,37.9,36.2,61.4,-6.8,,0,2015
Colgate,Pat,32,15,105.6,107.2,0.4564,56,50.7,18.8,16.5,23.7,28.4,27.4,35.1,53.8,47.8,39.5,37.8,61.2,-11.4,,0,2015
"College of Charleston",CAA,33,9,93.7,102.7,0.2577,46,48.1,19.3,18.4,27.5,32.2,32.4,47.4,43.2,45.4,34.3,35.8,61.6,-17.1,,0,2015
Colorado,P12,34,16,105.9,99,0.6861,48.4,48.9,19.9,16.9,34.4,27.9,40.8,33.9,47.7,46.5,33.5,35.3,65.1,-5.6,,0,2015
"Colorado St.",MWC,33,26,110,98.4,0.7826,50.1,48.7,16.1,18,34.1,25.4,41.9,33.3,49,45.7,34.8,36.2,67.1,1.2,,0,2015
Columbia,Ivy,27,12,106.4,105.7,0.5179,51.6,47.9,19.4,16.2,32,29.2,28.2,38.2,49.7,47.2,35.9,33.1,60.5,-9.8,,0,2015
Connecticut,Amer,35,20,105.3,97.4,0.7109,50,45.2,18.6,17.9,30.2,30.5,32.3,32.6,48.4,42.8,35.4,33.2,62.5,-3.3,,0,2015
"Coppin St.",MEAC,30,7,97,115.7,0.1163,47,54.5,18.4,19.3,25.3,38.1,30.5,42.4,42.4,53.2,35.3,38.4,74.3,-16.6,,0,2015
Cornell,Ivy,29,12,93.9,98.1,0.3746,44.6,45.7,19,19.3,23.1,30,39.3,41.5,44.1,43.2,30.3,33.3,65.2,-11.2,,0,2015
Creighton,BE,33,14,109.6,99.8,0.745,49.4,50.5,18.4,17.1,31.3,28.1,36.3,33.4,47.6,46.9,34.6,38,63.1,-5.8,,0,2015
Dartmouth,Ivy,29,14,98.8,102.1,0.4061,49.2,49.9,20.3,21.2,30.9,28.5,35.7,42.7,47.9,47.8,34.6,35.4,63.6,-9.1,,0,2015
Delaware,CAA,30,10,99.1,107.3,0.2855,47.1,50,18.4,15.6,28.8,31.5,38.1,33.2,44.5,46.7,34.5,37,65.8,-14,,0,2015
"Delaware St.",MEAC,34,16,99.3,110,0.2364,47.7,48.8,19.7,16.4,31.8,31.8,31.5,36,44.8,48,35,33.5,67.4,-10.7,,0,2015
Denver,Sum,30,12,103.5,107.5,0.3943,56.2,52.9,19.1,20.4,19.3,29.6,31.2,51.2,55.5,51.7,38,37.1,57.9,-12.5,,0,2015
DePaul,BE,32,12,107.5,103.8,0.5972,50.7,50.8,19.8,18.8,27.4,35.5,36.5,48.7,49.2,52.7,35.2,31.2,67.7,-7.4,,0,2015
Detroit,Horz,31,13,101.1,103.6,0.4304,49.7,52,19.3,21.2,29.4,29.8,32.4,48.3,46.3,53,37.9,33.7,68,-10.3,,0,2015
Drake,MVC,30,8,104,110.9,0.3239,52.1,54.9,22.3,16.9,23.3,32,34,30.5,47.4,53.2,40.6,38.5,59.5,-13.2,,0,2015
Drexel,CAA,29,11,98.2,104.1,0.3396,45,50.1,17,18.5,27.5,31.2,33.1,35.7,42.6,49,33,35.1,61.2,-12.5,,0,2015
Duquesne,A10,30,11,107,111.7,0.379,51.2,51.7,18.3,16,31.7,33.3,32.5,33.8,49.5,47.7,36.2,38.5,67.6,-11.3,,0,2015
"East Carolina",Amer,31,12,102.2,106.1,0.393,48.4,50.9,18,19.2,28.2,34.7,29.9,34.1,45.2,53,35.6,31.6,61.9,-10.8,,0,2015
"East Tennessee St.",SC,28,14,101.1,104.5,0.4069,49.8,51.3,18.7,21.4,29.6,33,39.8,42.3,45.5,49.5,36.7,35.8,67.9,-9,,0,2015
"Eastern Illinois",OVC,31,16,97.7,104.9,0.3043,51,48.8,19,18.9,23.4,34.3,33.4,31.4,47.8,47.2,37.4,34.4,63.4,-8.2,,0,2015
"Eastern Kentucky",OVC,31,19,103.4,101.8,0.5439,53.9,53.5,17.9,26.9,21.6,34.8,32.2,35,54.9,49.9,35.1,39.2,64,-5.5,,0,2015
"Eastern Michigan",MAC,31,17,99.4,97.4,0.5591,46.9,46.2,17.8,21.5,30.2,33.7,41.5,42.5,46.7,44,31.4,33.1,66.3,-6.3,,0,2015
Elon,CAA,31,13,96.2,105.2,0.2641,47.5,51.3,19,21.2,27.9,31.9,37.6,44.1,45.1,50.6,34.5,35,68.5,-12.6,,0,2015
Evansville,MVC,35,23,104,99.7,0.6211,52.1,49.4,19.3,19.9,25.8,28,44.3,31.4,51.8,47.5,35.4,35.5,66.4,-4.7,,0,2015
Fairfield,MAAC,31,7,93.7,104.5,0.2203,45.2,48.3,20.2,18.3,27.3,33.9,37.1,42.7,43.2,47.2,32.2,34.3,62.1,-18.5,,0,2015
"Fairleigh Dickinson",NEC,28,7,95,111.4,0.1376,46.5,52.3,18.6,23.2,27.6,40.4,34.2,51.8,45.5,52.5,32.1,34.7,67.5,-16.4,,0,2015
FIU,CUSA,31,14,94,102.6,0.2669,48.2,48,22.6,19.2,29,31.9,37.4,36.6,48.6,46.4,31.3,33.7,65.1,-11.5,,0,2015
Florida,SEC,33,16,105.8,89.4,0.8746,49.6,46,19.6,21.6,31.7,29.1,31.4,37.8,50.3,44.6,32.4,32.8,62.7,-2.9,,0,2015
"Florida A&M",MEAC,29,2,83.6,116,0.0226,41.3,53.5,21.8,18.5,26.8,35.5,37.8,34.9,40.9,54,28.3,35.1,66.3,-23.2,,0,2015
"Florida Atlantic",CUSA,27,7,97,108,0.2239,48.2,49.9,19.5,16.7,26,31.5,27.8,37.6,45.6,51.3,34.9,29.9,64.4,-15,,0,2015
"Florida Gulf Coast",ASun,30,19,99.4,102,0.4261,48.2,45.3,17.7,17.3,34.4,32.1,33.1,34.6,47,45.8,33.9,29.6,64.8,-5.1,,0,2015
"Florida St.",ACC,33,17,104.1,96.2,0.7105,50.1,47.3,21.9,18,31.8,31.9,46.9,37.9,51.4,46.5,31.3,32.5,66.6,-3.3,,0,2015
Fordham,A10,30,9,101,103,0.445,46.7,50.2,22.2,18.7,33.4,29.5,33.1,41.7,47.8,49.6,29.8,34.1,65.9,-12.3,,0,2015
"Fresno St.",MWC,30,13,100.6,103.8,0.4111,47.1,49.4,17.2,20.3,25.9,32.7,38.8,44.3,47.2,48,31.3,34.8,65.3,-9.4,,0,2015
Furman,SC,31,9,97.6,109.5,0.2099,49,52.3,21.1,16.5,29.5,32.3,44.1,36.5,48.9,51.3,32.8,36,62.8,-16.2,,0,2015
"Gardner Webb",BSth,31,16,105.2,109.8,0.3783,51,53.4,17.4,17.1,29.8,31.8,37.7,29.1,50.4,51.9,34.6,37.8,68,-7.7,,0,2015
"George Mason",A10,30,8,101.2,103.8,0.4276,45.5,50,21.9,18.5,35.9,30.4,41.1,44.7,44.9,48.4,31.6,35.3,65,-12.6,,0,2015
"George Washington",A10,35,22,107.2,96.2,0.7755,48.9,45.9,18.7,18.3,35.5,30.9,39.9,28.9,47.3,44.9,35.2,31.9,62.7,-2.3,,0,2015
"Georgia Southern",SB,28,19,98.2,97.5,0.5203,47.3,46.2,18.3,22,32.6,32.2,36.2,32.7,47.5,45.9,31.4,31.2,63.8,-4.6,,0,2015
"Georgia Tech",ACC,31,12,102.1,92.9,0.7463,44.4,49.2,19.6,18,38.7,25.8,31.1,33.8,46.1,49.9,26.7,31.9,64.2,-6.1,,0,2015
"Grambling St.",SWAC,27,0,76.7,117,0.0077,39.4,52.2,26.1,16.9,28.9,36.4,39.6,38.7,38.4,54.3,28.3,32.1,65.5,-22.3,,0,2015
"Grand Canyon",WAC,30,15,104.1,112.9,0.2831,50.4,49.6,17.1,16.3,26.8,33.9,40.1,36.1,50.2,49.3,33.7,33.6,65,-9.7,,0,2015
"Green Bay",Horz,31,22,102.6,93.3,0.7475,49.3,46,18.5,20.8,33.3,29.4,39.3,39.8,51.8,44,28.3,33.7,65.4,-1.1,,0,2015
Hartford,AE,29,13,95.2,105.4,0.2371,47.3,50.4,19,20.9,25.3,29.5,29.8,42.1,46,52,32.5,31.6,63.8,-11.2,,0,2015
Hawaii,BW,33,20,104.2,98.1,0.6685,49.3,47.6,18.7,23.4,32.2,34.4,36.7,42,49.3,45.2,32.8,34.8,69.6,-6.2,,0,2015
"High Point",BSth,30,20,104.5,104.9,0.4898,51.9,51.3,17.5,19.8,30.6,31.5,34.1,31.5,49.3,49.8,38.6,35.8,62.8,-3.9,,0,2015
Hofstra,CAA,34,20,108.7,104.6,0.6094,52.3,49.5,16,19.6,32.7,28.4,39.8,38.7,50.9,48.8,36.2,33.9,69.4,-8.3,,0,2015
"Holy Cross",Pat,29,13,99.6,105.8,0.3317,47.2,53.2,17,21.6,29.6,29.7,34.9,41.3,45.4,51.7,33.7,37.5,64,-11.3,,0,2015
Houston,Amer,32,13,100.9,102.3,0.4593,46.5,49.1,20.5,19.9,33.6,33.7,31.5,33.2,45.2,48.4,32,33.7,64.6,-11.6,,0,2015
"Houston Baptist",Slnd,24,8,98.6,115.7,0.1377,47.4,52.8,21.4,17.2,37.6,31.5,39.4,43.7,47.5,51,31.5,37.9,66.7,-12,,0,2015
Howard,MEAC,29,13,90.8,100.7,0.2332,46.2,45.7,25,21.4,33.5,34.6,43.4,40.1,47.4,44.8,28.9,31.4,63.1,-11.6,,0,2015
Idaho,BSky,28,11,104.7,110.8,0.3432,53.4,53.6,17.5,15.4,30.7,27,38.6,41.5,49.2,53,41,36.3,67.9,-13,,0,2015
"Idaho St.",BSky,28,5,96.2,109.9,0.1767,48.1,52,18.7,18.7,29.9,32.2,37,34.8,46.6,49.3,34.9,37,63.9,-19.2,,0,2015
Illinois,B10,33,19,107.1,94.4,0.8103,47.6,48,15.2,19.7,30.2,28,31.2,30.4,44.4,47.3,35.5,32.9,65.6,-0.6,,0,2015
"Illinois Chicago",Horz,32,8,99.2,109.4,0.2449,43.6,54.4,17.4,18,30.8,28.5,40,39,41.5,51.9,31.8,40.3,65.4,-16.8,,0,2015
"Illinois St.",MVC,34,21,106.2,94.5,0.7929,48.4,47,19.9,20.5,36.2,29.3,34.8,40.3,46.8,45.9,34.4,32.8,65.4,-2.8,,0,2015
"Incarnate Word",Slnd,25,14,104.1,111.9,0.3028,52,51.4,15.7,17.9,25.7,31.5,45.3,39.6,51.8,50.6,35,35.5,67.7,-6,,0,2015
"Indiana St.",MVC,30,14,100.5,100.4,0.503,49.4,48.6,20.9,20.8,26.4,31.7,42.3,37.6,46.6,44.7,35.7,38.6,67.3,-8.2,,0,2015
Iona,MAAC,35,26,110.9,105.7,0.6343,54.7,48.1,17.2,16.7,28.7,33.2,37.4,28.5,51.3,45.7,39.6,35.5,70.4,-2.1,,0,2015
IPFW,Sum,28,13,104.5,107.5,0.418,53.3,51.3,18.7,16,25.1,26.6,41.1,27.7,52.6,49.9,36.3,36,65,-9.2,,0,2015
IUPUI,Sum,31,10,92.4,101.2,0.258,46.5,51.3,23.6,20.9,31.1,28.3,32.8,41.8,47.3,48.5,29.6,38.3,64.1,-14.5,,0,2015
"Jackson St.",SWAC,32,11,88.6,102.5,0.1581,42.9,48.6,21.9,22.7,37.7,28.1,32.9,54.1,43.7,47.2,27.4,34.1,64.2,-16.9,,0,2015
Jacksonville,ASun,29,7,95.6,114.9,0.1067,46.6,54.5,18.6,19.1,27.7,33.8,39.3,38.8,43.1,54.1,35.8,36.8,64,-17.6,,0,2015
"Jacksonville St.",OVC,29,10,92.6,106.1,0.1734,43,51.1,18.5,19.2,28.7,34.5,37.6,39,42.3,50,29.5,35.7,63.8,-14.1,,0,2015
"James Madison",CAA,33,19,103.1,107.6,0.3805,51.9,50.2,20.3,17.9,29,31.9,42.2,31.9,49.7,48.2,37.2,35.7,64.7,-7.2,,0,2015
"Kansas St.",B12,32,15,104.6,96.2,0.7242,47.8,49.7,20.9,20.2,34,31.4,46,41,46.9,49.5,33.5,33.5,62.7,-2.6,,0,2015
"Kennesaw St.",ASun,30,8,91.3,113.1,0.0782,45.3,50.7,21.3,16.2,29.6,35.1,29.8,35.7,44.1,51.1,31.5,33.4,66.1,-16.8,,0,2015
"Kent St.",MAC,34,22,105.3,101.4,0.6069,49.8,45.8,17.8,18.2,33.6,32.7,37.1,39.5,46.7,44.8,36.6,32.1,62,-4.7,,0,2015
"La Salle",A10,33,17,98.9,92.9,0.6734,46.7,45.8,19.9,20.1,29.6,30.8,36.4,34.4,46.1,45.1,32.1,31.6,64.8,-6.3,,0,2015
Lamar,Slnd,26,11,97.4,107.6,0.2414,49.7,52.8,23.4,20.4,34.6,32.9,41.9,46,50.7,50.8,31.9,37.6,66.5,-9.9,,0,2015
Lehigh,Pat,29,15,98,99.5,0.4549,49,46.8,19.9,17.4,29.2,30.4,36.2,31.2,47.8,44,34.8,33.9,66.9,-9.3,,0,2015
Liberty,BSth,28,4,89.8,109.4,0.0938,46,50.2,24.5,18.1,30.6,32.5,40.2,41.8,45.8,48,31,35.6,66.2,-20.5,,0,2015
Lipscomb,ASun,28,11,98,110.6,0.1987,48.1,54.1,18.7,17.8,29.2,29.4,39.7,47,47.5,51.8,32.6,38.3,68.2,-12,,0,2015
"LIU Brooklyn",NEC,30,12,95.2,104.8,0.2502,44.9,48.4,19.6,18.2,31.3,31,39.8,35.6,42.8,49.8,32.4,30.4,67.5,-13.7,,0,2015
"Long Beach St.",BW,31,14,101.4,98.3,0.5883,47.6,49.2,20.2,21,31.5,34,34.4,36.9,46.3,49,33.2,33,65.7,-5.6,,0,2015
Longwood,BSth,32,9,95.5,108.7,0.1834,49,52.6,20.7,20.8,26.9,35.2,30,45,44.9,50.5,36.9,37.5,67,-18.1,,0,2015
"Louisiana Lafayette",SB,33,19,104.1,100.6,0.5957,50.1,48,20.5,18.4,34.6,27.6,39.6,37.4,49.2,47.8,34.7,32.3,70.4,-8.2,,0,2015
"Louisiana Monroe",SB,34,20,98,98,0.4977,45.6,44.7,18,17.2,32.6,29.4,26.1,29.7,46,44.3,29.9,30.2,62,-7,,0,2015
"Louisiana Tech",CUSA,35,26,105.7,98.1,0.7016,50.7,46.9,15.6,22.4,29,35.4,33.7,31.3,51.4,45.5,32.9,33.6,67.7,-1.7,,0,2015
"Loyola Chicago",MVC,35,22,103.8,101.3,0.5708,53.3,49.2,21,20.2,28.7,32.1,33.3,30.2,50.6,50.1,39.3,31.8,61.4,-4.7,,0,2015
"Loyola Marymount",WCC,30,7,100.6,108.3,0.3004,46.3,53.7,21.5,18,33.5,34.1,36.2,35.5,43.8,50.5,35.1,39.2,62.9,-12.9,,0,2015
"Loyola MD",Pat,30,11,91.4,103.5,0.1944,42.8,49.7,20.3,17.6,31.9,28.6,37.6,44.9,40.4,49.9,32.5,32.9,63.3,-13.8,,0,2015
Maine,AE,30,3,92.3,113.3,0.0863,46.7,55.8,21.6,19,23.5,31.7,27.7,36.6,45.5,55.6,32.6,37.4,66.6,-20.9,,0,2015
Marist,MAAC,32,7,91.9,104.1,0.1926,46.8,49.6,20.5,20.8,21.2,35.6,38,36.7,46.4,49.6,31.5,33.1,65.3,-19.9,,0,2015
Marquette,BE,32,13,104,95.6,0.7237,49.8,49.2,19.3,21,29,36.4,35.8,30.3,48.8,46.4,34.4,36,64.3,-4.7,,0,2015
Marshall,CUSA,30,9,94.8,102,0.301,46.2,48.6,21.6,18.6,28.2,32.5,34.9,36.6,45.9,49.1,31.1,31.7,70.4,-14.7,,0,2015
"Maryland Eastern Shore",MEAC,33,18,100.9,107.1,0.3351,51.7,51.1,23.4,21.3,35.5,31.9,47,41.1,48.9,52.6,38.2,32.4,64.9,-8.7,,0,2015
Massachusetts,A10,32,17,104.5,100.7,0.6047,47.3,48.7,20.5,17.5,34,31.3,42.4,35.2,48.4,47.1,29.6,35,67.8,-4.9,,0,2015
"McNeese St.",Slnd,27,11,99.2,110.4,0.2258,46.4,51.9,16,18.5,33.7,34.4,30.9,34.9,45.9,53.1,31.6,33.1,63.3,-11.2,,0,2015
Memphis,Amer,32,18,104.7,95.1,0.7509,48.4,44.4,20.2,19.2,37,31.6,31.6,38.7,48.1,43.8,32.8,30.4,66.6,-5.4,,0,2015
Mercer,SC,33,17,103.3,102.5,0.5223,49.3,48.9,17.6,19.2,33.3,32.8,40.2,31.9,48.3,46.3,34.2,35.2,61.1,-9.5,,0,2015
"Miami FL",ACC,38,25,111.2,96,0.8446,49.9,47.6,15.9,17.3,29.5,29.3,35.5,28.5,47.4,47.1,35.8,32.4,62.9,0.7,,0,2015
"Miami OH",MAC,31,12,99.1,105,0.3397,49.4,53.1,19.4,20.6,25.9,29.6,38.7,42.5,48.3,53.7,34.4,34.9,65.4,-12.2,,0,2015
Michigan,B10,31,15,110.9,97.1,0.8226,49.4,50.9,15.6,19.4,25.5,31.2,26.6,26.7,47,50.8,35.3,34,60.2,-2.4,,0,2015
"Middle Tennessee",CUSA,35,18,100.7,100.5,0.5048,47.9,49.9,20.3,20.3,31.6,26.1,36.8,42.2,44.2,48,36.3,35.7,61.4,-8.8,,0,2015
Milwaukee,Horz,28,12,100.8,103.6,0.4226,49,51.2,20,16.5,26.9,29.5,36.2,31.6,48.6,48.6,33.2,38.6,65,-9,,0,2015
Minnesota,B10,32,17,111.2,97.6,0.8176,52.1,50.8,17.7,24.2,30,33.4,32.9,34.5,50.1,48.3,37.2,36.8,68.1,-2.4,,0,2015
"Mississippi St.",SEC,31,12,99.6,97,0.5751,47.5,48,23.3,18.9,32.3,31.1,46.4,36.5,47.9,47,31.1,33.2,64.1,-9,,0,2015
"Mississippi Valley St.",SWAC,32,6,89,116.3,0.0439,42.7,54.5,20.9,20.8,30.1,39.7,33,36.7,41.7,55.1,30.3,35.5,71.1,-20.8,,0,2015
Missouri,SEC,31,8,99.3,101.5,0.4366,45.8,49.3,20.2,17.2,29.4,33.3,32.5,43.9,44.2,48,32.5,34.4,62.6,-9.9,,0,2015
"Missouri St.",MVC,29,9,96.5,104.4,0.2884,45.4,49.6,19.5,16.4,29.7,30,31.7,36.8,44.5,46.6,31.4,36.9,61.9,-12.2,,0,2015
Monmouth,MAAC,33,18,98,100.4,0.4312,47.9,47.2,19.9,21.4,30,33.6,41,37.2,46.7,44.3,33.8,34.2,63.9,-9,,0,2015
Montana,BSky,31,18,104.5,104.2,0.5063,53.7,51.3,18,19.9,27.6,28.7,33.3,43.6,52.9,49.4,36.6,36.1,62.5,-7.1,,0,2015
"Montana St.",BSky,29,6,94.7,107.8,0.1838,46.9,53,20.6,17,29.1,28.2,28.7,44.8,42.4,50.4,35.6,39.4,66.2,-17.9,,0,2015
"Morehead St.",OVC,32,15,102.5,101,0.5408,49.3,49.1,20.1,21.2,34.7,28.2,34.7,55.2,48.4,48.4,34,33.7,65.7,-10.6,,0,2015
"Morgan St.",MEAC,31,7,92.4,111.3,0.1057,40.2,53.3,16.2,21.6,34.8,33.8,33.1,43.2,39.1,52.9,28.4,36.1,65,-18.5,,0,2015
"Mount St. Mary's",NEC,30,15,96.1,102,0.3345,47.2,49.6,19,21.3,30.6,32.4,30.4,35.6,45.5,48.5,33,34.8,62.8,-9.6,,0,2015
"Murray St.",OVC,33,27,114.1,102.2,0.78,54.3,46.8,17.1,18.7,35.9,32.5,41.2,36.6,52.6,44.9,38.3,33.7,67,0,,0,2015
Navy,Pat,31,12,97.7,105,0.3037,49.1,53.1,19.4,20.1,29.5,30,30.6,36.6,48.8,49.7,33.1,39.1,61.7,-13.8,,0,2015
Nebraska,B10,31,13,98.5,93.2,0.6543,46.2,46.8,19.4,20.6,26.7,30.3,36.5,38.5,48,44.7,28.4,33.4,63.7,-5.3,,0,2015
"Nebraska Omaha",Sum,28,11,100.3,108,0.2994,49.3,53.3,18.3,20.3,30.5,28.9,42.6,38.9,49.2,51.7,33.1,37.6,74.2,-12.8,,0,2015
Nevada,MWC,29,7,95.3,104.2,0.265,40.8,47.6,21.9,15.7,39.8,31.9,39.9,40.7,41.4,45.7,25.8,34.1,64.1,-14.8,,0,2015
"New Hampshire",AE,30,17,98.4,101,0.4249,49.7,46,18.7,17.1,27.2,23.7,36.1,42.6,45.9,45.6,37.4,31.1,64.2,-8.1,,0,2015
"New Mexico",MWC,31,15,99,97,0.5607,47.9,46.7,20.2,18.6,33.3,26.1,38.4,32.8,48.6,46.4,30.8,31.4,62.8,-8.3,,0,2015
"New Orleans",Slnd,26,8,95.7,109.4,0.1768,46.5,54.8,22.2,21.2,35.7,32.9,45.9,44,45.2,53.9,33.9,37.8,67.5,-13.3,,0,2015
Niagara,MAAC,30,8,98.5,109.7,0.2254,45.6,53.7,20.6,18.1,32,29.5,41.2,36.3,42.3,52.1,35.1,37.9,65.2,-15.9,,0,2015
"Nicholls St.",Slnd,26,7,89.6,105.5,0.1321,47.8,50,25,20.3,30.1,34.5,42.4,50.7,48.4,48.3,31.2,35.7,66.8,-13.9,,0,2015
NJIT,Ind,29,17,103.3,104.5,0.4644,52.3,46.4,20.5,19,28.8,33.8,39,44.1,49.8,44.6,37.1,33.1,67.1,-6.2,,0,2015
"Norfolk St.",MEAC,32,18,102.3,107.4,0.3621,52.1,48.1,20.7,18,34.3,30.4,42.7,39.4,52.2,46.3,34.5,33.9,65.1,-7.6,,0,2015
"North Carolina A&T",MEAC,30,7,91.7,112.1,0.0903,44.6,50.4,23.6,18.8,34.1,34.4,37.3,40.9,45.7,47.8,28.4,36.5,62.7,-18.2,,0,2015
"North Carolina Central",MEAC,30,22,102.5,98.4,0.6142,53.2,42.1,19.8,20.2,31,30.8,37.2,41.1,53.1,41.3,35.6,29.1,59.9,-2.4,,0,2015
"North Dakota",BSky,28,6,96.1,109,0.1904,48.4,53.2,17.9,18.1,24.7,29,38.5,42.3,47.8,51.2,33.1,38.6,68,-16.2,,0,2015
"North Texas",CUSA,29,12,98.6,103,0.3773,46.9,49.3,20.1,20.4,31.1,33.1,40,38.2,47.8,48.1,29.9,34.2,65.9,-10.8,,0,2015
"Northern Arizona",BSky,37,22,100.1,101.7,0.4547,46.1,48.6,17.7,16.7,35.3,26.8,36.4,38.4,42.9,49.1,34.8,31.7,65.2,-8.6,,0,2015
"Northern Colorado",BSky,28,13,107.5,115.6,0.3007,53,55.7,16.2,20,33.6,34.3,35.1,40.4,51.4,52.9,37.5,40.2,63.5,-10.8,,0,2015
"Northern Illinois",MAC,29,13,100.1,103.3,0.4112,47.6,51.8,21.7,21.4,36.4,31.1,47.1,40.9,47.2,52.5,32.2,33.9,62.8,-9,,0,2015
"Northern Kentucky",ASun,28,11,102.4,108.7,0.3348,51.2,50.6,17.8,16.6,28.5,30,30,45.3,51.9,49.2,33.4,35.5,64.1,-12.1,,0,2015
Northwestern,B10,32,15,105.7,100.8,0.6322,50.4,48.4,18.1,15.5,27.6,30.9,28.6,32.8,48.3,43.8,35.9,37.7,60.6,-4.2,,0,2015
"Northwestern St.",Slnd,28,15,109.3,115.9,0.338,52.9,54.4,15.9,19.6,29.8,38.9,35.1,36.9,51.6,51.8,36.8,40.1,73.1,-6.4,,0,2015
Oakland,Horz,31,14,109,109.2,0.495,52.3,53.5,18.4,16.1,30.1,30.5,38.1,34.6,51.7,52.8,35.5,36.5,67,-7.2,,0,2015
Ohio,MAC,30,10,100.8,106.3,0.35,49.8,49.3,18.7,15.4,25.9,30.5,28.9,32.2,49,46.8,34,35.9,66.8,-13.5,,0,2015
"Old Dominion",CUSA,35,27,104.3,94.4,0.7584,48.6,46.1,17.5,21,36,26.9,30.6,40.8,48.4,45.7,32.5,31.2,60.5,-1.3,,0,2015
"Oral Roberts",Sum,32,17,104.1,107.5,0.4106,48.1,51,17.6,18.6,29.5,31.3,44.5,37.8,45.6,48.8,35.8,37.5,65.8,-8.4,,0,2015
"Oregon St.",P12,30,16,98.2,91.1,0.7023,46.6,44.7,19.1,23.7,28.5,32.8,36.8,44.3,46,44.4,32,30,60.9,-4,,0,2015
Pacific,WCC,28,9,102.4,106.3,0.3934,46.8,51.9,19.8,16.2,34.6,31.3,39.4,43.1,44.3,50.7,34.2,36.1,61.9,-10.7,,0,2015
Penn,Ivy,28,9,96.4,106.4,0.2427,49.1,51.2,23.6,18.1,29.5,29.1,35.8,39.8,47.7,48.1,34.6,37.6,63.7,-13,,0,2015
"Penn St.",B10,34,18,103.9,93.9,0.7617,48,45.3,18.2,17.8,29.7,31,34.7,41.5,46.8,43.6,33.4,32.6,65.9,-3.6,,0,2015
Pepperdine,WCC,31,17,98,94.4,0.6053,46.9,45.6,19.3,19.1,28.7,32.8,37,33.8,46.6,47.7,31.8,27.3,64.1,-3.8,,0,2015
Pittsburgh,ACC,33,18,113.2,101.7,0.7749,49.1,50,15.7,17.4,34.3,31.6,34.8,37.8,48.6,49,33.6,34.9,60.9,-1.5,,0,2015
Portland,WCC,31,15,107.7,102.7,0.6327,50,49.7,18.3,17.2,35,30.7,36.1,35.9,46.9,49,37.8,34.1,64.5,-6.2,,0,2015
"Portland St.",BSky,27,13,100.9,107.9,0.3144,48.7,52.7,16.4,17.5,27.6,32.1,37.2,31.4,45.5,50.2,37.3,38.5,66.2,-9.9,,0,2015
"Prairie View A&M",SWAC,32,14,95.6,106.9,0.2165,47.5,48.4,20.7,24.3,32.1,40.1,30.9,51.2,46.7,50.1,33.1,29.8,69,-12.3,,0,2015
Presbyterian,BSth,28,6,94.8,111.4,0.1351,48.4,54,20.9,15.9,27.3,33.6,33.3,28.7,48.8,50.6,31.7,38.9,62.4,-17.1,,0,2015
Princeton,Ivy,29,15,105.4,104.5,0.5258,54.3,49.6,18.8,18.5,20.7,26.4,46.1,41.8,53,47.2,37.3,36.9,65.2,-9,,0,2015
Quinnipiac,MAAC,30,15,101.4,101.3,0.5029,44,45.2,20.4,14,42.1,26.5,35.5,33.4,43.1,41.9,30.7,35.1,66.7,-10.9,,0,2015
Radford,BSth,31,19,102.7,104.3,0.4552,50,48.4,18.1,18.8,34.5,32.7,35.4,36.3,50.5,47.8,32.6,33.4,65.3,-6.3,,0,2015
"Rhode Island",A10,32,22,102.1,91,0.79,48.9,43.9,20.8,21.8,32.3,29.2,47.3,46,50.1,45,30.5,27.3,65.9,-1.1,,0,2015
Rice,CUSA,29,10,100.4,103.8,0.4048,51.7,49.9,22.1,19.6,26.5,32.2,33.7,40.1,47.6,49,37.3,34.5,62.3,-13.2,,0,2015
Richmond,A10,35,21,106.7,94.6,0.7997,52.1,46,15.6,21.1,22.2,33.4,32.9,33.5,52.8,46.2,34,30.3,62.2,-3.5,,0,2015
Rider,MAAC,33,21,98.9,99,0.4959,49.4,47.5,19.2,21.6,31.1,29.6,35.6,37.7,49,46.6,33.4,32.7,64.6,-5.4,,0,2015
Rutgers,B10,32,10,96.4,98,0.4539,43.6,49.8,20.1,18.1,30.5,31.4,32.6,32,43.3,49.3,29.5,33.7,65.4,-8.7,,0,2015
"Sacramento St.",BSky,31,19,105.9,110.9,0.3714,53.9,53.8,16.6,19.6,27.2,33.3,35.5,32.3,50.9,54.7,40.8,34.8,62.7,-6.8,,0,2015
"Sacred Heart",NEC,31,14,100.2,108.6,0.2837,49.6,49.2,19.4,18.4,33.9,32.7,35.9,33.6,50.3,47.7,32,34.7,69.1,-13.1,,0,2015
"Saint Joseph's",A10,31,13,98.2,97.3,0.5254,45.3,48.3,19.2,19,31.5,30.4,35.2,31.3,45.5,46.3,29.9,34.8,64,-9.6,,0,2015
"Saint Louis",A10,31,10,94.1,102.8,0.2642,46.2,51.6,21.7,20.9,27.2,32.1,41.5,44.5,45.2,50.6,32,35.7,63.4,-12.8,,0,2015
"Saint Mary's",WCC,30,20,110,97.7,0.7965,52.4,48,18.8,15.4,33.2,24.7,34.1,33.2,50.6,47.2,37.1,33.1,63.2,-0.8,,0,2015
"Saint Peter's",MAAC,34,16,97.3,99.9,0.4267,46.9,45.2,19.5,20.9,31.4,30.5,44,45.8,44.6,44.3,34.3,31.2,60.7,-12.8,,0,2015
"Sam Houston St.",Slnd,31,22,101.6,94.4,0.6991,47.6,45.1,19.7,20.4,36,27.3,46.3,41.1,47.3,43.9,32.1,32.2,65,-3.4,,0,2015
Samford,SC,31,12,99.9,110.1,0.2456,49.8,53.3,19.2,21.1,30.1,34.1,37.9,45.4,49.2,51,34,38.9,66.8,-14.1,,0,2015
"San Diego",WCC,30,14,102,95.5,0.6798,48,47.9,18.4,21.3,30,31.6,38.4,42,46,46.9,34.5,33.7,63.5,-6.4,,0,2015
"San Francisco",WCC,31,13,104.3,99.8,0.6252,50.7,49.2,17.9,18.9,30.5,30.8,41,38.7,50.7,46.9,33.7,35.5,66.1,-9.2,,0,2015
"San Jose St.",MWC,28,0,86.2,107.1,0.0757,41,54,21.6,17.8,24.1,31.8,29.1,42.9,38.7,51.8,29.4,38.8,64.6,-21.4,,0,2015
"Santa Clara",WCC,30,12,104.8,104,0.5216,48.2,51.7,17.1,19.1,28.1,34.1,31.1,43.2,46,49.2,34.6,37.7,61.6,-8.7,,0,2015
"Savannah St.",MEAC,29,7,85.6,104.4,0.0922,44,53,24.7,24.8,30,33.7,34.2,50.5,46.2,51.9,25.2,37.1,65.4,-16.3,,0,2015
Seattle,WAC,32,16,96.6,101.7,0.3576,50.8,47,22,17.3,30.9,28.5,36.4,33.5,47.5,45.1,37.8,33.3,62.5,-11.5,,0,2015
"Seton Hall",BE,31,16,107.7,98.6,0.7353,48.2,47.7,18.7,18,34.7,33.2,38.1,38,46,49,35,30,66.2,-2.3,,0,2015
Siena,MAAC,31,11,103.9,111.2,0.3129,47.5,51.4,18.7,21.2,36.3,37.1,41.9,51,46.6,49.9,33.2,36.2,66.7,-15.2,,0,2015
"SIU Edwardsville",OVC,26,10,95.3,103.1,0.2875,48.7,49.3,20.3,19.8,28.8,31.9,37.4,37,45.3,46.9,36.9,36.1,66.6,-11.8,,0,2015
"South Alabama",SB,31,10,99.5,109.5,0.2484,47.8,49,20.9,15.2,30,33.1,41.9,34.1,47,48.1,32.9,34.2,68.8,-15.4,,0,2015
"South Carolina",SEC,32,16,104.5,92.2,0.8078,45.2,44.8,19.6,21,34.6,31.5,37.3,44.5,45.2,43.2,30.1,31.7,64.9,-3.6,,0,2015
"South Carolina St.",MEAC,31,9,89.1,107.6,0.103,42.4,51,19.4,20.1,30.1,33.2,32.8,36.4,41.1,51.5,30.1,33.4,65.2,-17.2,,0,2015
"South Dakota",Sum,31,15,101,106.4,0.3558,47.1,51,16.7,17.5,31,27,33.7,35.6,44.2,51.1,35.8,33.9,65.9,-10.7,,0,2015
"South Dakota St.",Sum,33,22,106.7,100.2,0.6727,51.9,47.2,16.9,18.1,28.8,28.2,40.4,41.2,48.6,45,38.1,34.7,66.4,-4.7,,0,2015
"South Florida",Amer,31,8,97.2,105.4,0.2812,47.3,49.1,20.9,18.8,31.3,34.8,31.6,42.5,47.7,45.4,30.9,37.4,64.4,-14.5,,0,2015
"Southeast Missouri St.",OVC,28,11,101.8,105.7,0.3946,48.9,50.2,19.2,19.3,32.2,31.6,36.4,41.8,48.1,46.2,33.7,39.2,66.2,-12.2,,0,2015
"Southeastern Louisiana",Slnd,31,8,94.4,107.1,0.1899,50.9,50.4,22.5,19.4,29.1,32.2,32.5,33.9,53,48.6,31.2,35.8,66.8,-17.5,,0,2015
Southern,SWAC,32,15,90.9,102.6,0.2001,45.1,44,20.1,20.6,32.1,34.7,40.5,45.6,44.9,43.7,30.6,29.8,65.1,-11.7,,0,2015
"Southern Illinois",MVC,32,11,98.1,100.5,0.4297,45.7,51.4,20.8,21.3,31.4,26.2,41,40.8,44.3,48.2,33.3,38.1,62.8,-13.2,,0,2015
"Southern Miss",CUSA,27,7,94.1,108.4,0.1635,48.9,53.5,22.2,20.1,26.6,34.2,34.1,31.9,48.8,53.1,32.8,36,62.3,-13.8,,0,2015
"Southern Utah",BSky,28,9,96.8,109.4,0.1963,52.3,51.5,20.1,15.7,22.6,29.3,38.7,50.6,48.4,49.6,39.7,37.2,68,-14.8,,0,2015
"St. Bonaventure",A10,31,18,102.4,98.5,0.6081,47.1,48.4,18.9,19.7,35,29,37.9,33.9,47.1,45.3,31.4,36.2,65,-5.4,,0,2015
"St. Francis NY",NEC,34,22,100.2,102.4,0.4396,46.3,47.4,19.8,20.2,39.6,28.8,40.9,40.2,47.5,44.7,29.1,36.7,65,-7.2,,0,2015
"St. Francis PA",NEC,31,15,97.9,101.8,0.3892,50.1,49.5,19.4,20.6,25.7,31.4,34.6,30.1,50.3,50,33.1,32.4,63.1,-10.3,,0,2015
Stanford,P12,37,24,112.2,97.2,0.8394,49.3,48.4,16.2,17.2,33.6,27.8,40.5,36.5,46,44.7,37.7,37.4,65.4,-1.1,,0,2015
Stetson,ASun,28,6,93.9,114.3,0.0942,48.1,51.6,18.3,16.4,26.1,35.1,34.1,31.5,48.3,49.1,31.8,37.1,66.3,-17.8,,0,2015
"Stony Brook",AE,33,21,99.9,98.1,0.5521,46,46,18.6,17.7,37.1,25.4,32.4,32.2,45.1,43,32.1,34.3,64.5,-4.8,,0,2015
Syracuse,ACC,31,18,106.1,90.8,0.8565,47.3,46.4,17.9,21.1,33.5,31.3,35.4,30,48.3,45.9,30,31.4,66.4,-0.3,,0,2015
TCU,B12,33,18,107.6,94.2,0.821,47.9,44.1,18.4,20,37.5,33.4,46.5,48,47.5,42.2,32.7,33.5,64.1,-2.6,,0,2015
Temple,Amer,37,26,104.3,92.3,0.8029,44.2,44.5,14.6,18.8,31.8,29.2,35.6,33.5,43.4,43.3,30.4,31.4,65.9,-0.4,,0,2015
Tennessee,SEC,32,16,107.5,101,0.6728,48.2,51.9,19.7,22.6,37,33.3,32.3,43.5,47.4,49.1,33.1,37.1,60.8,-3.3,,0,2015
"Tennessee Martin",OVC,32,19,106.3,106.8,0.4873,53.4,50.8,18.6,15.4,30,25.8,31.4,28.8,50,49.4,39.4,35.4,62.5,-6.8,,0,2015
"Tennessee St.",OVC,29,3,87.6,106.1,0.0995,43.9,50.4,22.1,18.3,26.5,32.8,40.4,42,40,51.5,34.8,32.7,64,-19.8,,0,2015
"Tennessee Tech",OVC,28,10,101.3,109.3,0.2959,48.8,53.1,20.5,18.7,36.4,29.2,34.8,42.7,49.1,52,32.2,36.8,66.6,-13.4,,0,2015
"Texas A&M",SEC,33,21,107.9,95.3,0.8054,50.5,46.9,19.2,19.4,34.1,28.1,38.1,36.4,49.6,47.1,35.1,31,64.2,-0.4,,0,2015
"Texas A&M Corpus Chris",Slnd,32,18,99.3,103,0.396,49.2,48.3,19.4,20.6,30.3,33.1,51,46.1,48.7,48.3,33.5,32.2,63.1,-8.8,,0,2015
"Texas St.",SB,28,11,91.8,96.7,0.3535,44,47.6,19.9,23.1,29,31.8,36.5,36.6,42.8,48.6,31.1,30.5,61.7,-11.8,,0,2015
"Texas Tech",B12,32,13,101.4,98.4,0.5857,45.7,49.2,21.8,20.1,34.6,32.6,46.1,36.5,44.5,48.2,32.3,33.9,62.4,-6.2,,0,2015
"The Citadel",SC,27,8,101.4,120,0.126,51.7,55.1,21.7,15.9,31.3,34.6,38,29.6,46.8,56.5,40.2,35.1,59.1,-14.7,,0,2015
Toledo,MAC,33,20,111.6,103.8,0.6969,52.3,49.7,18.1,16.2,33.3,29.4,41.2,31,51.2,51,36.6,31.7,67.2,-5.1,,0,2015
Towson,CAA,31,11,98.8,107,0.2842,44.6,47.6,21.5,14.9,41.1,29.5,48.3,45,44.4,45.7,30.1,34.2,60.9,-14.5,,0,2015
Troy,SB,27,8,97.9,107.9,0.2467,48.9,50.8,21.2,19.5,31.3,33.7,38,28.3,48.1,51.2,33.5,33.3,65,-14.7,,0,2015
Tulane,Amer,30,14,97.6,101.8,0.3809,46.4,49.9,19.9,20.3,32.6,29.3,34.7,36.1,45.5,49.6,32,33.7,63.7,-8.9,,0,2015
Tulsa,Amer,33,23,100.6,92.9,0.716,47.1,45.5,17.7,19.7,30.8,28.5,41.4,30.9,46.5,42.8,32.3,33.3,64.3,-0.4,,0,2015
"UC Davis",BW,30,23,109.9,104.9,0.6306,57.3,48.4,20.9,17.9,28.6,33.7,39.3,33.3,51.7,46.5,44.1,34.6,63.1,-1,,0,2015
"UC Riverside",BW,29,12,96.1,100.2,0.3824,46.7,49,20.2,18.7,30.7,28.7,33.7,42.5,45.1,44.6,33,39.7,65.7,-10.1,,0,2015
"UC Santa Barbara",BW,31,17,108.1,101.3,0.6785,49.6,47.8,16.9,17.9,30.7,29.8,32,39.9,46.6,45.2,37,35.4,62.9,-5.2,,0,2015
UCF,Amer,29,11,101,109.4,0.2852,49.1,51.3,19.7,15.8,30.7,36.8,35.1,27.2,47.6,50.3,34.5,35.6,64.6,-11.2,,0,2015
"UMass Lowell",AE,28,11,91.6,107.2,0.1412,47.9,53.9,20.5,23.3,21.6,30.4,34.3,34.1,44.6,54.1,34.9,35.8,64.1,-11.8,,0,2015
UMBC,AE,30,4,87,108.6,0.0727,46.3,51.2,24.1,19.7,23.5,30.5,37.2,33,45,49.6,32.6,36.1,65.1,-20.7,,0,2015
UMKC,WAC,31,12,96.5,107.2,0.2305,46.1,51.6,20,23.6,31.7,36.5,40.3,39.8,43.7,52.2,33.4,33.6,64.1,-14.1,,0,2015
"UNC Asheville",BSth,28,12,100.3,107.4,0.3131,49.9,49.7,20.8,18.3,31.6,32.2,35.4,43.3,48.2,49,35.2,33.9,68.4,-11.6,,0,2015
"UNC Greensboro",SC,30,8,98.8,106.2,0.3019,49.7,50.8,18.8,18.2,30.6,29.7,31.3,48.5,47.6,49.7,36.1,35.2,66.1,-17.2,,0,2015
"UNC Wilmington",CAA,31,17,100.5,99.7,0.5208,47.5,47.9,18,20.4,31,32.4,37.5,47.4,46.3,46.9,34,33.5,67.9,-6.8,,0,2015
UNLV,MWC,32,17,106.5,99.4,0.6903,50.2,45.3,17.3,16.2,26.7,32.4,32.7,29.9,48,42,36.1,35.1,65.7,-5.5,,0,2015
USC,P12,32,12,99,97.8,0.5356,46.8,48,20,19.1,31.5,34.3,33.8,31.2,45.8,47.2,32.9,32.9,68.6,-8.9,,0,2015
"USC Upstate",ASun,32,20,102,103.1,0.4677,49.5,47.1,16.9,20.3,35.2,33.5,30.4,30.3,49.2,46.6,33.2,31.9,63.6,-6.8,,0,2015
"UT Arlington",SB,30,15,101.3,103.7,0.4315,49.4,47.8,20.8,19.6,31.8,32.8,38.1,42.2,50.8,47.8,31.3,31.8,70.1,-9,,0,2015
"UT Rio Grande Valley",WAC,28,7,91.5,111.2,0.0959,44.7,50.5,20.9,19,30.4,36.6,38.6,35.4,45.6,50.1,28.2,34.1,64.4,-16.3,,0,2015
"Utah St.",MWC,30,17,105.8,101.6,0.6138,52.4,45.8,16.3,17,21.7,34,36.4,29.1,48.5,46.3,39.4,29.9,64.1,-6.1,,0,2015
"Utah Valley",WAC,28,9,91.1,106.5,0.1431,44.5,49.9,20.3,17.8,28.5,30.4,33.3,37,44.4,49.1,29.8,34.3,62.4,-14.4,,0,2015
UTEP,CUSA,33,22,104.7,97.8,0.6851,52,46.9,18.8,18.7,29.1,29.8,43.8,31.9,50.9,45.2,36.6,33.6,65,-3.7,,0,2015
UTSA,CUSA,28,12,104.2,108.7,0.3809,47.9,52.9,18.2,20.3,35.2,31.3,42.1,29.7,47.3,51.5,32.7,36.7,66.2,-11.3,,0,2015
Vanderbilt,SEC,34,20,114.1,99.2,0.8325,54.4,46.6,20,18.1,31.9,33.1,42.4,34.4,51.5,44.5,39.6,34,63.6,-2.5,,0,2015
Vermont,AE,33,19,100.7,97.6,0.5879,51.9,43.4,20.1,20.1,26.7,29,42.4,40.4,51.7,42.2,34.9,30.9,64.7,-9,,0,2015
"Virginia Tech",ACC,33,11,105.5,104.8,0.5204,51.5,50.8,18.1,18.9,26,36.6,31.9,33.8,47.7,49.6,38.9,35.1,64.2,-8.9,,0,2015
VMI,SC,28,9,96.8,106.9,0.2431,46.9,53.2,19.6,20.5,31.9,33.9,29.8,42.3,46.7,53.9,31.4,34.1,77.3,-14.1,,0,2015
Wagner,NEC,29,9,96.1,110.1,0.1737,44.6,53.4,20.1,19.8,37.2,30.3,33.9,53.3,44,51.7,30.6,37.7,67.6,-15.4,,0,2015
"Wake Forest",ACC,32,13,104.8,98.1,0.6826,47.8,50.9,19.3,17.1,31.8,26.4,41.5,35.2,46.5,51.1,33.6,33.8,68.7,-5.7,,0,2015
Washington,P12,31,16,107.1,102,0.6355,49.3,47.1,17.5,16.8,31.4,33.2,33.9,31.7,48.9,46,33.4,33,66,-4.6,,0,2015
"Washington St.",P12,31,13,107.4,107.4,0.502,49.6,52.4,17.3,14.1,26.4,30.3,39.7,34.1,48.7,50.8,34.2,37.4,67.8,-6.8,,0,2015
"Weber St.",BSky,28,11,98.1,105.2,0.3086,48,50.8,20.5,16.6,28.8,30.2,46,31.5,45,49.6,34.9,35.9,63.2,-11.9,,0,2015
"Western Carolina",SC,30,13,100.5,104.7,0.3856,48.8,50.1,20.1,20.7,34.7,33.9,34.6,52.5,47.2,48.6,34.8,34.9,66.2,-11.2,,0,2015
"Western Illinois",Sum,26,6,89.4,106.8,0.1153,45.3,50.7,18.3,16.7,20,28.9,30.3,37.1,41.2,49.4,35.2,35.5,67,-15.4,,0,2015
"Western Kentucky",CUSA,30,18,101.6,102,0.4873,49.6,48.6,18.9,18.9,30.4,29.2,38.7,34.1,47.2,48.1,35.6,33.1,66.8,-5.5,,0,2015
"Western Michigan",MAC,32,18,105.7,105.2,0.513,51.3,51.9,18.1,18.9,29.8,30.4,42.7,36.7,49.9,51.1,35.9,35.4,65.4,-6,,0,2015
"William & Mary",CAA,31,18,111.2,106.9,0.6105,56.3,50.5,17.5,17.6,24.2,29.9,35.5,31.9,54.8,49.1,38.9,35.3,64.4,-5.5,,0,2015
Winthrop,BSth,29,16,103.1,103.8,0.4796,50.8,47,17.7,19,29.4,32.3,35.9,38.4,49.2,45.9,35.5,32.7,66.2,-8.9,,0,2015
"Wright St.",Horz,29,9,96.5,103.6,0.3053,49.8,51.2,19,19.8,23.2,30.8,31.5,41.2,49,50.4,34.1,35.3,63.7,-13.7,,0,2015
Yale,Ivy,30,20,104.2,97.2,0.6892,49.9,47.6,20.4,19,34.2,27.8,40.9,33.1,47.3,48.1,36.5,31,62.5,-3,,0,2015
"Youngstown St.",Horz,29,8,103.4,112,0.285,50.1,53.6,17.2,17.8,27.6,34.2,35.9,36.8,48.5,51.7,35.6,37.9,67.6,-14.7,,0,2015
Arkansas,SEC,36,27,113.2,96,0.8696,50,48.3,16.9,22.3,35.7,34.6,37.3,38.8,48.8,46.2,34.9,35.2,69.9,3.9,R32,5,2015
Butler,BE,34,23,108.5,88.6,0.9115,48.4,46.7,17,19.5,34.7,25.3,40.8,33.4,46.3,47.1,35.6,30.7,63.9,3.5,R32,6,2015
Cincinnati,Amer,34,23,106.5,92.3,0.838,49.5,44.1,21,19.9,37.3,32.3,37.1,26.1,49.6,42.2,32.9,31.9,60.3,-1.3,R32,8,2015
Dayton,A10,36,27,107,94.5,0.8059,52.9,47.3,17.9,21.1,23.3,28.4,48.1,30.6,52.6,46.5,35.6,32.5,63.8,0.8,R32,11,2015
Georgetown,BE,33,22,112.6,93.5,0.8945,51.3,47.1,19.2,20.2,34.3,31,43.9,44.1,50.5,43.1,35.3,36.2,64.6,3.7,R32,4,2015
"Georgia St.",SB,34,24,109.5,98,0.7802,52,45.8,16.3,23.2,30,34.8,37.7,39.8,53.4,43.1,32.2,33.1,63.2,-3,R32,14,2015
Iowa,B10,34,22,114,92,0.9211,48.1,45.6,17.1,18.9,35.6,30.3,38,29.1,47.3,43.7,33.3,32.6,64.6,2.1,R32,7,2015
Kansas,B12,36,27,113.6,90.6,0.9308,49.4,44.6,19.2,17.5,34.9,31.6,42.6,33.8,46.4,43.4,37.9,31.5,67.2,9,R32,2,2015
Maryland,B10,35,28,110.2,94,0.8619,51.2,45.5,18.9,17.2,28.9,30.5,44.5,28.1,48,44.1,37.6,31.8,64.5,6.9,R32,4,2015
"Northern Iowa",MVC,35,31,115.4,93,0.9228,55.9,45.6,17.8,19.2,27,26.9,39.8,27,53.3,44,39.8,32.1,58.5,5.3,R32,5,2015
"Ohio St.",B10,35,24,113.9,93.1,0.9104,54.2,46.4,17,21.6,33.5,32,34.7,27.8,53.6,45.2,37,32.2,66.3,2.5,R32,10,2015
